N,flag,year,N,GHI
1,0,2018,1.0,5.94888730841
2,0,2018,2.0,9.3240872768
3,0,2018,3.0,9.260972476400001
4,0,2018,4.0,8.9897861957
5,0,2018,5.0,7.88296189979
6,0,2018,6.0,9.0394807401
7,0,2018,7.0,9.046618611800001
8,0,2018,8.0,8.8059267983
9,0,2018,9.0,9.153064247
10,0,2018,10.0,8.927734711020001
11,0,2018,11.0,8.96546988903
12,0,2018,12.0,7.34533156072
13,0,2018,13.0,7.8762078428599995
14,0,2018,14.0,3.5471801363899997
15,0,2018,15.0,8.5953356344
16,0,2018,16.0,8.63447714829
17,0,2018,17.0,7.2924593477099995
18,0,2018,18.0,8.87865065726
19,0,2018,19.0,8.16898236999
20,0,2018,20.0,8.59931263715
21,0,2018,21.0,6.79846710332
22,0,2018,22.0,8.176296722150001
23,0,2018,23.0,7.91964940704
24,0,2018,24.0,7.13154204149
25,0,2018,25.0,8.770222634449999
26,0,2018,26.0,8.346644138879999
27,0,2018,27.0,7.3029831749900005
28,0,2018,28.0,7.93632380567
29,0,2018,29.0,9.00136634003
30,0,2018,30.0,8.665748798660001
31,0,2018,31.0,8.040405220719999
32,0,2018,32.0,8.2823785435
33,0,2018,33.0,8.152840546108001
34,0,2018,34.0,8.394691696545
35,0,2018,35.0,8.149569344684
36,0,2018,36.0,8.070351889559001
37,0,2018,37.0,8.26515925245
38,0,2018,38.0,8.333174480319
39,0,2018,39.0,6.082886307374
40,0,2018,40.0,3.5800650514641
41,0,2018,41.0,5.0222779947637
42,0,2018,42.0,4.5419866427488
43,0,2018,43.0,8.4484043351795
44,0,2018,44.0,8.333845194560519
45,0,2018,45.0,7.79287278707
46,0,2018,46.0,8.14239342628
47,0,2018,47.0,7.24100957233
48,0,2018,48.0,7.765559374403
49,0,2018,49.0,7.356129787804001
50,0,2018,50.0,3.38487627988
51,0,2018,51.0,2.91200759144
52,0,2018,52.0,4.2447287297826
53,0,2018,53.0,7.538049450885
54,0,2018,54.0,7.341535934295001
55,0,2018,55.0,7.537116632069
56,0,2018,56.0,7.5966304280192
57,0,2018,57.0,7.6055883264677
58,0,2018,58.0,6.25458043577853
59,0,2018,59.0,6.498080778847492
60,0,2018,60.0,6.883819300702013
61,0,2018,61.0,7.3066715764
62,0,2018,62.0,7.2926674991
63,0,2018,63.0,5.730291843
64,0,2018,64.0,6.4883830822999995
65,0,2018,65.0,7.3069439087
66,0,2018,66.0,7.3202984245
67,0,2018,67.0,7.2062483784
68,0,2018,68.0,6.950049787199999
69,0,2018,69.0,6.94398372
70,0,2018,70.0,6.363327717240001
71,0,2018,71.0,7.056138176499999
72,0,2018,72.0,6.8259961349
73,0,2018,73.0,6.8190639302
74,0,2018,74.0,5.834467280699999
75,0,2018,75.0,6.6643203402
76,0,2018,76.0,6.3640922012
77,0,2018,77.0,3.6717154692
78,0,2018,78.0,6.62028695017
79,0,2018,79.0,6.516087798599999
80,0,2018,80.0,6.225509550280001
81,0,2018,81.0,6.45486627591
82,0,2018,82.0,5.99407316774
83,0,2018,83.0,3.1617393866
84,0,2018,84.0,5.06348055101
85,0,2018,85.0,5.349811298120001
86,0,2018,86.0,5.67775213236
87,0,2018,87.0,5.41469723305
88,0,2018,88.0,5.73137670402
89,0,2018,89.0,5.74355805266
90,0,2018,90.0,5.31511544177
91,0,2018,91.0,4.89525464097
92,0,2018,92.0,5.1212183219869996
93,0,2018,93.0,4.728563518945
94,0,2018,94.0,5.504649937719
95,0,2018,95.0,5.418630449666
96,0,2018,96.0,4.413717522528
97,0,2018,97.0,3.566913592426
98,0,2018,98.0,2.6327928937157
99,0,2018,99.0,4.671356429763
100,0,2018,100.0,4.57999030797659
101,0,2018,101.0,4.0277898037015465
102,0,2018,102.0,2.775385540399
103,0,2018,103.0,5.23408050913
104,0,2018,104.0,4.50369592265
105,0,2018,105.0,3.94101448447
106,0,2018,106.0,4.552718579074001
107,0,2018,107.0,3.459226513243
108,0,2018,108.0,4.323013998342001
109,0,2018,109.0,3.804621856531
110,0,2018,110.0,2.9175362453436002
111,0,2018,111.0,2.787644796113
112,0,2018,112.0,4.2498450582833005
113,0,2018,113.0,1.5804087158056
114,0,2018,114.0,4.2764175027391405
115,0,2018,115.0,2.8427041071296597
116,0,2018,116.0,3.605903995536465
117,0,2018,117.0,2.8673617782824916
118,0,2018,118.0,3.6099397956
119,0,2018,119.0,2.98031093702
120,0,2018,120.0,3.8296994633
121,0,2018,121.0,4.0793524277
122,0,2018,122.0,0.91132038043
123,0,2018,123.0,3.7699909014
124,0,2018,124.0,1.5328392970500002
125,0,2018,125.0,3.2030685691
126,0,2018,126.0,3.6991536977
127,0,2018,127.0,3.4185611054000002
128,0,2018,128.0,1.21794913544
129,0,2018,129.0,2.1722901552100002
130,0,2018,130.0,2.48911075195
131,0,2018,131.0,2.5669115576
132,0,2018,132.0,3.9110536166000003
133,0,2018,133.0,2.6770183619999997
134,0,2018,134.0,1.87395634139
135,0,2018,135.0,3.1827155841
136,0,2018,136.0,2.22500799791
137,0,2018,137.0,1.66920749608
138,0,2018,138.0,2.73098702426
139,0,2018,139.0,3.25183739608
140,0,2018,140.0,3.0682075484699998
141,0,2018,141.0,1.4889084827399999
142,0,2018,142.0,3.35303244154
143,0,2018,143.0,3.0102433106100004
144,0,2018,144.0,3.49530166723
145,0,2018,145.0,2.9841058066599997
146,0,2018,146.0,3.43540690247
147,0,2018,147.0,2.63216330546
148,0,2018,148.0,2.76592640682
149,0,2018,149.0,3.10220003083
150,0,2018,150.0,0.6073338919069999
151,0,2018,151.0,0.859134379647
152,0,2018,152.0,1.2038695971
153,0,2018,153.0,2.48497437632
154,0,2018,154.0,2.6126157794
155,0,2018,155.0,1.42842646941
156,0,2018,156.0,1.1975686693740002
157,0,2018,157.0,2.90603245824
158,0,2018,158.0,2.15610266546
159,0,2018,159.0,2.97856243792
160,0,2018,160.0,3.08407601506
161,0,2018,161.0,1.255952325779
162,0,2018,162.0,1.7560370215
163,0,2018,163.0,1.723016310577
164,0,2018,164.0,1.0064150656579
165,0,2018,165.0,2.7007699711199997
166,0,2018,166.0,2.5773008720400004
167,0,2018,167.0,1.2570485104670002
168,0,2018,168.0,2.9444807095
169,0,2018,169.0,3.1250952487099997
170,0,2018,170.0,3.20046915484
171,0,2018,171.0,2.89231219589
172,0,2018,172.0,3.0807763176600003
173,0,2018,173.0,3.0080423382999997
174,0,2018,174.0,2.2557788330990003
175,0,2018,175.0,2.93693466661
176,0,2018,176.0,3.11831054622
177,0,2018,177.0,2.73921391439
178,0,2018,178.0,3.1088124397300003
179,0,2018,179.0,3.0584937939000003
180,0,2018,180.0,1.2169369646530002
181,0,2018,181.0,2.92819507594
182,0,2018,182.0,2.64972614522
183,0,2018,183.0,1.903542333132
184,0,2018,184.0,2.20945746123
185,0,2018,185.0,2.69290045187
186,0,2018,186.0,2.15664199553
187,0,2018,187.0,2.7207325800500004
188,0,2018,188.0,1.190976009826
189,0,2018,189.0,1.24256948793
190,0,2018,190.0,1.84064164461
191,0,2018,191.0,3.1962268565999996
192,0,2018,192.0,2.60632332685
193,0,2018,193.0,3.15641758397
194,0,2018,194.0,1.22900752159
195,0,2018,195.0,1.74978276005
196,0,2018,196.0,1.7350183673300001
197,0,2018,197.0,3.0185807478
198,0,2018,198.0,1.31094124906
199,0,2018,199.0,1.87805206314
200,0,2018,200.0,1.7942898345399998
201,0,2018,201.0,1.2114732855400001
202,0,2018,202.0,3.56736271973
203,0,2018,203.0,1.41999624769
204,0,2018,204.0,2.6918032209100002
205,0,2018,205.0,3.63566784748
206,0,2018,206.0,2.23352294709
207,0,2018,207.0,0.66776109604
208,0,2018,208.0,1.5244143781200001
209,0,2018,209.0,1.48825139964
210,0,2018,210.0,1.25383308454
211,0,2018,211.0,3.0212919553
212,0,2018,212.0,3.2251792509
213,0,2018,213.0,4.004077162700001
214,0,2018,214.0,3.7959592539
215,0,2018,215.0,1.0684161594
216,0,2018,216.0,2.00254427818
217,0,2018,217.0,3.9672931129999998
218,0,2018,218.0,3.962933986
219,0,2018,219.0,3.2059380163
220,0,2018,220.0,0.9743488411000001
221,0,2018,221.0,1.4586813942799999
222,0,2018,222.0,2.1452284305
223,0,2018,223.0,4.041066445
224,0,2018,224.0,3.844162885
225,0,2018,225.0,4.0868943373
226,0,2018,226.0,4.3383371069
227,0,2018,227.0,2.4425456734887887
228,0,2018,228.0,4.1930230264119945
229,0,2018,229.0,4.417524135414751
230,0,2018,230.0,3.64721153885105
231,0,2018,231.0,1.7820485438406
232,0,2018,232.0,3.87012763068783
233,0,2018,233.0,4.687559338452
234,0,2018,234.0,3.056011702147
235,0,2018,235.0,4.577068139201
236,0,2018,236.0,1.0093288056476
237,0,2018,237.0,3.1637128378019996
238,0,2018,238.0,4.949305369118
239,0,2018,239.0,4.972601952528
240,0,2018,240.0,5.01259695301
241,0,2018,241.0,4.5630894903899994
242,0,2018,242.0,2.495776597522
243,0,2018,243.0,2.4049420236300003
244,0,2018,244.0,1.71889418466
245,0,2018,245.0,2.7798012663600713
246,0,2018,246.0,4.125937242439299
247,0,2018,247.0,5.4023844115385
248,0,2018,248.0,5.4572785387754
249,0,2018,249.0,5.330382484059
250,0,2018,250.0,5.299745498211999
251,0,2018,251.0,4.783342834925
252,0,2018,252.0,4.983748322048
253,0,2018,253.0,3.5576522325799997
254,0,2018,254.0,5.015215935377
255,0,2018,255.0,4.69312243164
256,0,2018,256.0,3.5471937586539997
257,0,2018,257.0,3.9710927227029997
258,0,2018,258.0,4.261827503099999
259,0,2018,259.0,2.306739528968
260,0,2018,260.0,3.0966029208999997
261,0,2018,261.0,5.7608322196
262,0,2018,262.0,4.83521323735
263,0,2018,263.0,6.22403944403
264,0,2018,264.0,5.2514012679099995
265,0,2018,265.0,5.58569878199
266,0,2018,266.0,2.850803102079
267,0,2018,267.0,5.80042904073
268,0,2018,268.0,5.326412857839999
269,0,2018,269.0,4.73956324739
270,0,2018,270.0,5.46734812224
271,0,2018,271.0,4.27426004981
272,0,2018,272.0,3.37966679049
273,0,2018,273.0,2.69037582814
274,0,2018,274.0,2.2951247998
275,0,2018,275.0,6.7433150213
276,0,2018,276.0,6.9142498362
277,0,2018,277.0,7.0873684218
278,0,2018,278.0,6.6123719739
279,0,2018,279.0,7.2100542360999995
280,0,2018,280.0,7.168073362
281,0,2018,281.0,6.6448475126
282,0,2018,282.0,3.247764259
283,0,2018,283.0,7.355765385800001
284,0,2018,284.0,3.3492909961
285,0,2018,285.0,3.34929561938
286,0,2018,286.0,7.381954405628924
287,0,2018,287.0,7.50352544658087
288,0,2018,288.0,7.4202757148899
289,0,2018,289.0,7.6482539774059
290,0,2018,290.0,6.5066339382724
291,0,2018,291.0,7.431130074815
292,0,2018,292.0,7.365309832623
293,0,2018,293.0,6.588025991474
294,0,2018,294.0,7.571094320945
295,0,2018,295.0,5.918579064327
296,0,2018,296.0,7.991212616676999
297,0,2018,297.0,6.508974575083
298,0,2018,298.0,5.164866684853
299,0,2018,299.0,4.573146054912
300,0,2018,300.0,7.29269142689
301,0,2018,301.0,7.57008978157
302,0,2018,302.0,7.523874773099072
303,0,2018,303.0,4.183279351899521
304,0,2018,304.0,6.9203476764374
305,0,2018,305.0,7.5198365159515
306,0,2018,306.0,6.888580565800999
307,0,2018,307.0,7.462249440768
308,0,2018,308.0,8.329871895997
309,0,2018,309.0,8.024982988875
310,0,2018,310.0,7.096754132976
311,0,2018,311.0,8.677084734603001
312,0,2018,312.0,8.103269531375
313,0,2018,313.0,7.74759221196
314,0,2018,314.0,6.931446080361
315,0,2018,315.0,3.664021561362
316,0,2018,316.0,2.950503517635
317,0,2018,317.0,2.493652401922
318,0,2018,318.0,8.342634868240001
319,0,2018,319.0,8.68510249611
320,0,2018,320.0,8.94542838892
321,0,2018,321.0,5.91313978901
322,0,2018,322.0,8.983369373650001
323,0,2018,323.0,8.9238691464
324,0,2018,324.0,8.9206153616
325,0,2018,325.0,8.86257355223
326,0,2018,326.0,8.061313008099999
327,0,2018,327.0,2.74994195747
328,0,2018,328.0,6.56203648186
329,0,2018,329.0,9.08573003748
330,0,2018,330.0,6.9824660002600005
331,0,2018,331.0,6.11473859989
332,0,2018,332.0,3.7074878718599997
333,0,2018,333.0,4.83155791966
334,0,2018,334.0,5.04886108067
335,0,2018,335.0,6.51550254475
336,0,2018,336.0,8.99033175739
337,0,2018,337.0,8.746378087
338,0,2018,338.0,8.9356196953
339,0,2018,339.0,9.2857036479
340,0,2018,340.0,7.81053676024
341,0,2018,341.0,8.98650737781
342,0,2018,342.0,9.4060771408
343,0,2018,343.0,9.318138798
344,0,2018,344.0,9.2032200678
345,0,2018,345.0,6.70457151926
346,0,2018,346.0,9.016361937469998
347,0,2018,347.0,8.395413462599999
348,0,2018,348.0,3.1246933181600003
349,0,2018,349.0,9.2838499774
350,0,2018,350.0,9.2385837706
351,0,2018,351.0,4.10368826465
352,0,2018,352.0,5.09208974134
353,0,2018,353.0,5.655567373019999
354,0,2018,354.0,6.780059038509999
355,0,2018,355.0,6.83741281377
356,0,2018,356.0,8.3240006754
357,0,2018,357.0,9.3494442792
358,0,2018,358.0,9.2425572094
359,0,2018,359.0,9.278004693000002
360,0,2018,360.0,9.3025493836
361,0,2018,361.0,7.4704548089
362,0,2018,362.0,7.6006607135
363,0,2018,363.0,7.8744420778
364,0,2018,364.0,4.98006650568
365,0,2018,365.0,9.5252632396
1,0,2019,1.0,8.5950815123
2,0,2019,2.0,3.17113660596
3,0,2019,3.0,6.30081819985
4,0,2019,4.0,9.311502518
5,0,2019,5.0,9.332395203199999
6,0,2019,6.0,8.2753939168
7,0,2019,7.0,4.35225603153
8,0,2019,8.0,8.425193882699999
9,0,2019,9.0,3.0823600145800003
10,0,2019,10.0,6.56923245755
11,0,2019,11.0,8.4156718628
12,0,2019,12.0,5.89668316853
13,0,2019,13.0,4.71734434257
14,0,2019,14.0,5.671508364739999
15,0,2019,15.0,2.53308447669
16,0,2019,16.0,8.55852641033
17,0,2019,17.0,4.7872123669
18,0,2019,18.0,5.723563546399999
19,0,2019,19.0,6.65017429984
20,0,2019,20.0,7.773268193550001
21,0,2019,21.0,8.911463529799999
22,0,2019,22.0,7.80862830136
23,0,2019,23.0,6.44603905342
24,0,2019,24.0,8.849016926020001
25,0,2019,25.0,5.589833296699999
26,0,2019,26.0,6.9027173601100005
27,0,2019,27.0,6.99078554902
28,0,2019,28.0,5.41695751545
29,0,2019,29.0,4.784810587828
30,0,2019,30.0,2.975736235025
31,0,2019,31.0,7.55941068614
32,0,2019,32.0,4.074693712779
33,0,2019,33.0,6.987561853725
34,0,2019,34.0,6.748675084536
35,0,2019,35.0,8.356521428732
36,0,2019,36.0,8.538944634711001
37,0,2019,37.0,7.988450368364001
38,0,2019,38.0,7.87194955962
39,0,2019,39.0,7.644421164028
40,0,2019,40.0,2.1745312260396
41,0,2019,41.0,7.149386535685
42,0,2019,42.0,2.5228619152698997
43,0,2019,43.0,7.8193680422981
44,0,2019,44.0,8.19864797042286
45,0,2019,45.0,4.157236742351
46,0,2019,46.0,7.9268866110700005
47,0,2019,47.0,8.13386233239
48,0,2019,48.0,8.09143118888
49,0,2019,49.0,7.99355707312
50,0,2019,50.0,7.484054534452
51,0,2019,51.0,7.592180577400001
52,0,2019,52.0,6.533867504213999
53,0,2019,53.0,6.57828884701
54,0,2019,54.0,3.8002950315593
55,0,2019,55.0,3.9550936526108997
56,0,2019,56.0,6.5296748504258
57,0,2019,57.0,6.9434176132891
58,0,2019,58.0,7.45099698247433
59,0,2019,59.0,6.264748159325837
60,0,2019,60.0,6.480113094389669
61,0,2019,61.0,7.304037291699999
62,0,2019,62.0,7.5262423235
63,0,2019,63.0,5.20229752
64,0,2019,64.0,6.236716008999999
65,0,2019,65.0,5.1297152717
66,0,2019,66.0,6.688061513000001
67,0,2019,67.0,4.3718326889500005
68,0,2019,68.0,5.2451208546
69,0,2019,69.0,6.7136000083
70,0,2019,70.0,6.5311660387
71,0,2019,71.0,4.14291399805
72,0,2019,72.0,5.6870583979000005
73,0,2019,73.0,6.0155143675
74,0,2019,74.0,5.6637738793
75,0,2019,75.0,4.667425870720001
76,0,2019,76.0,2.25552468308
77,0,2019,77.0,5.2354203667000005
78,0,2019,78.0,6.550324431
79,0,2019,79.0,5.6819730681900005
80,0,2019,80.0,5.69546152483
81,0,2019,81.0,3.6849745989600002
82,0,2019,82.0,5.94444094813
83,0,2019,83.0,5.96996807774
84,0,2019,84.0,3.13947255257
85,0,2019,85.0,5.39057017552
86,0,2019,86.0,5.45213977584
87,0,2019,87.0,6.036082341479999
88,0,2019,88.0,3.373050311876
89,0,2019,89.0,5.3199160637450005
90,0,2019,90.0,5.75318446313
91,0,2019,91.0,5.03738932533
92,0,2019,92.0,5.474370788174
93,0,2019,93.0,5.603236182724
94,0,2019,94.0,4.4696580934390004
95,0,2019,95.0,4.3783094813790004
96,0,2019,96.0,3.4924658772329997
97,0,2019,97.0,5.56010465378
98,0,2019,98.0,5.4224648586046005
99,0,2019,99.0,5.3909386267231
100,0,2019,100.0,5.2014104603035
101,0,2019,101.0,4.11429423203389
102,0,2019,102.0,4.65459873877
103,0,2019,103.0,5.20283644729
104,0,2019,104.0,3.16389044258
105,0,2019,105.0,2.7364640678789995
106,0,2019,106.0,4.69907114961
107,0,2019,107.0,4.9132718315
108,0,2019,108.0,4.402123677487
109,0,2019,109.0,3.9156391606259997
110,0,2019,110.0,4.837559453789
111,0,2019,111.0,4.162144247510001
112,0,2019,112.0,3.790138611583
113,0,2019,113.0,4.4135353746103
114,0,2019,114.0,4.550898109677201
115,0,2019,115.0,1.4655324728844301
116,0,2019,116.0,2.721240353418469
117,0,2019,117.0,2.3335931968393298
118,0,2019,118.0,4.276976558214954
119,0,2019,119.0,4.3454434738
120,0,2019,120.0,1.9509040427
121,0,2019,121.0,4.323913575700001
122,0,2019,122.0,3.7270878888
123,0,2019,123.0,1.9084265834
124,0,2019,124.0,3.7913984246999997
125,0,2019,125.0,1.7030240141500002
126,0,2019,126.0,4.1317153092
127,0,2019,127.0,2.5918506784
128,0,2019,128.0,3.20714225609
129,0,2019,129.0,3.28663607908
130,0,2019,130.0,1.0751096712000001
131,0,2019,131.0,2.8274784964
132,0,2019,132.0,3.9813457484
133,0,2019,133.0,3.5448666906999997
134,0,2019,134.0,3.5794700639
135,0,2019,135.0,3.6185179828
136,0,2019,136.0,3.7230477745000004
137,0,2019,137.0,3.7027870865
138,0,2019,138.0,2.30744948505
139,0,2019,139.0,1.86906755875
140,0,2019,140.0,2.03210782216
141,0,2019,141.0,1.72066784374
142,0,2019,142.0,2.9521770316100002
143,0,2019,143.0,3.4922296854
144,0,2019,144.0,3.48513238384
145,0,2019,145.0,3.4112107704300003
146,0,2019,146.0,1.3396680647599999
147,0,2019,147.0,1.56582866038
148,0,2019,148.0,2.5761124074599997
149,0,2019,149.0,2.53425620898
150,0,2019,150.0,2.43928709433
151,0,2019,151.0,1.98623534242
152,0,2019,152.0,2.65674038973
153,0,2019,153.0,2.96014493754
154,0,2019,154.0,3.0930452956099996
155,0,2019,155.0,3.26742718046
156,0,2019,156.0,2.64726572144
157,0,2019,157.0,3.10160624315
158,0,2019,158.0,2.37168506837
159,0,2019,159.0,3.2665984674699997
160,0,2019,160.0,3.26842928584
161,0,2019,161.0,2.5304578499200003
162,0,2019,162.0,2.28702887548
163,0,2019,163.0,2.043137370126
164,0,2019,164.0,1.3770084382
165,0,2019,165.0,0.914076865209
166,0,2019,166.0,0.5988662054799999
167,0,2019,167.0,0.580362058454
168,0,2019,168.0,0.69273377424
169,0,2019,169.0,1.876750176774
170,0,2019,170.0,2.89595705067
171,0,2019,171.0,3.1055359111499996
172,0,2019,172.0,2.75943106807
173,0,2019,173.0,1.484538184336
174,0,2019,174.0,1.5518031617669998
175,0,2019,175.0,1.27075104234
176,0,2019,176.0,0.947634030142
177,0,2019,177.0,3.14601598974
178,0,2019,178.0,3.15227282693
179,0,2019,179.0,0.9104622088700001
180,0,2019,180.0,1.99441382648
181,0,2019,181.0,1.76166092359
182,0,2019,182.0,3.2216167512
183,0,2019,183.0,1.6061748019
184,0,2019,184.0,2.54425561804
185,0,2019,185.0,2.87010442094
186,0,2019,186.0,1.9299509350139998
187,0,2019,187.0,2.71069558533
188,0,2019,188.0,3.25027036983
189,0,2019,189.0,3.12467659708
190,0,2019,190.0,2.8323483644269998
191,0,2019,191.0,1.409601933315
192,0,2019,192.0,2.80097924464
193,0,2019,193.0,1.08554458962
194,0,2019,194.0,2.35042307129
195,0,2019,195.0,1.5857920154799998
196,0,2019,196.0,2.1607614284000003
197,0,2019,197.0,3.18709665464
198,0,2019,198.0,3.3460786259799997
199,0,2019,199.0,2.83956413074
200,0,2019,200.0,2.2951668293500003
201,0,2019,201.0,2.76024859304
202,0,2019,202.0,2.4979022035200003
203,0,2019,203.0,2.04393960073
204,0,2019,204.0,2.42727575653
205,0,2019,205.0,1.85077182372
206,0,2019,206.0,1.23218736324
207,0,2019,207.0,2.43900189551
208,0,2019,208.0,2.86267957858
209,0,2019,209.0,3.51269926437
210,0,2019,210.0,1.998018595
211,0,2019,211.0,2.5613680903300002
212,0,2019,212.0,2.98183351768
213,0,2019,213.0,1.8302331750399998
214,0,2019,214.0,2.8044605455
215,0,2019,215.0,3.9268364833000002
216,0,2019,216.0,3.8726416167
217,0,2019,217.0,4.1508061805
218,0,2019,218.0,4.0167078098
219,0,2019,219.0,2.1624507973199996
220,0,2019,220.0,1.86883101977
221,0,2019,221.0,0.82829375236
222,0,2019,222.0,3.13904662147
223,0,2019,223.0,4.1768528869
224,0,2019,224.0,2.23186925868
225,0,2019,225.0,3.4391406948
226,0,2019,226.0,4.2082399561
227,0,2019,227.0,3.0586381676024637
228,0,2019,228.0,1.5203139655961893
229,0,2019,229.0,1.7668123273235044
230,0,2019,230.0,4.04197288323628
231,0,2019,231.0,4.1274490183602
232,0,2019,232.0,4.0524446096223
233,0,2019,233.0,4.0254997351465
234,0,2019,234.0,2.3332487804879998
235,0,2019,235.0,4.552767825615001
236,0,2019,236.0,3.4106736268669997
237,0,2019,237.0,2.9288976735483
238,0,2019,238.0,2.326914242977
239,0,2019,239.0,4.011789439482
240,0,2019,240.0,4.45298992356
241,0,2019,241.0,2.57007330603
242,0,2019,242.0,1.139244705
243,0,2019,243.0,5.01051851816
244,0,2019,244.0,5.1068663031899995
245,0,2019,245.0,4.863702915432883
246,0,2019,246.0,5.19558974923219
247,0,2019,247.0,5.0558635781015
248,0,2019,248.0,4.6304194910297
249,0,2019,249.0,3.3852204512566
250,0,2019,250.0,2.762421194305
251,0,2019,251.0,2.1976133882399997
252,0,2019,252.0,1.3220212371787
253,0,2019,253.0,2.71581718617
254,0,2019,254.0,3.072966019604
255,0,2019,255.0,4.903117179125
256,0,2019,256.0,5.72775895293
257,0,2019,257.0,5.75210613373
258,0,2019,258.0,5.181724586440001
259,0,2019,259.0,2.84406500946
260,0,2019,260.0,6.1242474618800005
261,0,2019,261.0,6.262122624020001
262,0,2019,262.0,5.85026711288
263,0,2019,263.0,6.3939397834000005
264,0,2019,264.0,6.406582192119999
265,0,2019,265.0,6.57210717379
266,0,2019,266.0,5.29022627493
267,0,2019,267.0,6.357210322959999
268,0,2019,268.0,6.0250722705
269,0,2019,269.0,6.51320488433
270,0,2019,270.0,4.73553498492
271,0,2019,271.0,5.70386266948
272,0,2019,272.0,6.5861171037
273,0,2019,273.0,5.390745975300001
274,0,2019,274.0,1.46737810147
275,0,2019,275.0,1.5073954355999999
276,0,2019,276.0,6.0823886316
277,0,2019,277.0,3.6253646362
278,0,2019,278.0,3.6161300195600004
279,0,2019,279.0,7.171234459
280,0,2019,280.0,6.9938796604
281,0,2019,281.0,7.3011363952
282,0,2019,282.0,6.6640005681000005
283,0,2019,283.0,5.220489669
284,0,2019,284.0,3.99094341377
285,0,2019,285.0,3.77555495829
286,0,2019,286.0,1.9163064551975675
287,0,2019,287.0,1.9856610870386768
288,0,2019,288.0,4.06566112365063
289,0,2019,289.0,6.5679034451213
290,0,2019,290.0,2.6804006051880003
291,0,2019,291.0,7.668102543183
292,0,2019,292.0,7.7923272308180005
293,0,2019,293.0,5.4791749341767
294,0,2019,294.0,2.75690937095
295,0,2019,295.0,6.572098003283
296,0,2019,296.0,7.439554601686
297,0,2019,297.0,7.91422232723
298,0,2019,298.0,6.547489593070001
299,0,2019,299.0,7.70054685324
300,0,2019,300.0,6.114725872557
301,0,2019,301.0,6.3049679098819995
302,0,2019,302.0,4.67777785252
303,0,2019,303.0,3.92243070862929
304,0,2019,304.0,8.275357402942399
305,0,2019,305.0,7.5239019810989
306,0,2019,306.0,3.085857156388
307,0,2019,307.0,8.369448811007
308,0,2019,308.0,2.994282880774
309,0,2019,309.0,8.570935225998001
310,0,2019,310.0,6.856522815082
311,0,2019,311.0,8.471736244629001
312,0,2019,312.0,8.210304366118
313,0,2019,313.0,3.871625823073
314,0,2019,314.0,8.27615640839
315,0,2019,315.0,6.63104970934
316,0,2019,316.0,6.27929533079
317,0,2019,317.0,5.94206535162
318,0,2019,318.0,7.9204295148
319,0,2019,319.0,8.69172939682
320,0,2019,320.0,5.3033385638
321,0,2019,321.0,8.5416659314
322,0,2019,322.0,4.02268073558
323,0,2019,323.0,6.95113598301
324,0,2019,324.0,8.50338474089
325,0,2019,325.0,8.67154304088
326,0,2019,326.0,4.44101252201
327,0,2019,327.0,8.78415611749
328,0,2019,328.0,8.71237895878
329,0,2019,329.0,6.18748471069
330,0,2019,330.0,2.28233630944
331,0,2019,331.0,9.22402313091
332,0,2019,332.0,8.97635907984
333,0,2019,333.0,9.04069469525
334,0,2019,334.0,9.08423290549
335,0,2019,335.0,9.341258498450001
336,0,2019,336.0,9.290723774600002
337,0,2019,337.0,6.4600949019
338,0,2019,338.0,6.34732762326
339,0,2019,339.0,7.1888444367
340,0,2019,340.0,9.11668921116
341,0,2019,341.0,9.3179957923
342,0,2019,342.0,9.002541396
343,0,2019,343.0,9.0842615412
344,0,2019,344.0,9.0028258657
345,0,2019,345.0,6.4796835728
346,0,2019,346.0,8.95907251876
347,0,2019,347.0,9.2776908785
348,0,2019,348.0,7.9348852635
349,0,2019,349.0,2.3071656420499997
350,0,2019,350.0,9.09121051424
351,0,2019,351.0,9.049072477
352,0,2019,352.0,9.2440150633
353,0,2019,353.0,8.4913683148
354,0,2019,354.0,6.363575495809999
355,0,2019,355.0,5.9599866401199995
356,0,2019,356.0,5.84180929377
357,0,2019,357.0,9.6227419126
358,0,2019,358.0,9.4263623739
359,0,2019,359.0,9.1170055288
360,0,2019,360.0,7.568888429599999
361,0,2019,361.0,6.2356803165
362,0,2019,362.0,3.4413323605
363,0,2019,363.0,8.497900106
364,0,2019,364.0,6.6026104375
365,0,2019,365.0,4.05416576133
1,0,2020,1.0,9.201512799
2,0,2020,2.0,8.78940948934
3,0,2020,3.0,8.7716719072
4,0,2020,4.0,8.527916295819999
5,0,2020,5.0,8.8749413264
6,0,2020,6.0,7.4729291782
7,0,2020,7.0,8.91824584612
8,0,2020,8.0,8.842732587099999
9,0,2020,9.0,5.90685112441
10,0,2020,10.0,5.61598480896
11,0,2020,11.0,8.92121252377
12,0,2020,12.0,8.42947083279
13,0,2020,13.0,8.886453173940001
14,0,2020,14.0,7.184321934270001
15,0,2020,15.0,2.75963608156
16,0,2020,16.0,9.11062828064
17,0,2020,17.0,8.652335766870001
18,0,2020,18.0,8.51665776905
19,0,2020,19.0,8.35062094514
20,0,2020,20.0,7.88695501549
21,0,2020,21.0,5.46707414942
22,0,2020,22.0,8.5099988295
23,0,2020,23.0,8.63800161133
24,0,2020,24.0,8.726723653499999
25,0,2020,25.0,6.06600628315
26,0,2020,26.0,6.50846893587
27,0,2020,27.0,8.86399274112
28,0,2020,28.0,8.81089500133
29,0,2020,29.0,7.57015675441
30,0,2020,30.0,4.842695978501
31,0,2020,31.0,8.905430437729999
32,0,2020,32.0,8.60736913091
33,0,2020,33.0,8.36300240602
34,0,2020,34.0,8.46133245021
35,0,2020,35.0,7.747477036881
36,0,2020,36.0,8.186266446147
37,0,2020,37.0,7.386116742455
38,0,2020,38.0,7.691273799156
39,0,2020,39.0,5.289714460995899
40,0,2020,40.0,8.125619924322
41,0,2020,41.0,6.49503172661
42,0,2020,42.0,7.0919315607596
43,0,2020,43.0,7.787193331782101
44,0,2020,44.0,7.539562900076921
45,0,2020,45.0,6.59277964723595
46,0,2020,46.0,8.00365533561
47,0,2020,47.0,7.883127126080001
48,0,2020,48.0,3.85424758457
49,0,2020,49.0,7.230055889431
50,0,2020,50.0,7.598692433445
51,0,2020,51.0,7.824265977561
52,0,2020,52.0,3.199963103554
53,0,2020,53.0,5.2740298892310005
54,0,2020,54.0,7.751034306204
55,0,2020,55.0,7.597027907359999
56,0,2020,56.0,4.200962263710999
57,0,2020,57.0,7.3973697783798995
58,0,2020,58.0,7.530630576568
59,0,2020,59.0,7.110023787103101
60,0,2020,60.0,7.02665937636694
61,0,2020,61.0,7.0040121936
62,0,2020,62.0,7.2601211499
63,0,2020,63.0,7.2944492644
64,0,2020,64.0,7.2906563907
65,0,2020,65.0,7.1190849598999995
66,0,2020,66.0,5.0161664708
67,0,2020,67.0,6.9949992062
68,0,2020,68.0,6.2257839525500005
69,0,2020,69.0,5.9437950247
70,0,2020,70.0,5.78200634263
71,0,2020,71.0,4.2427172271
72,0,2020,72.0,5.87657731263
73,0,2020,73.0,6.7053706455
74,0,2020,74.0,4.4518262188
75,0,2020,75.0,2.9545441299200004
76,0,2020,76.0,6.4224913753
77,0,2020,77.0,6.5374620396
78,0,2020,78.0,2.73772642474
79,0,2020,79.0,5.45073735725
80,0,2020,80.0,6.21915957557
81,0,2020,81.0,6.32461105488
82,0,2020,82.0,6.26061070132
83,0,2020,83.0,6.28069299442
84,0,2020,84.0,6.08881457055
85,0,2020,85.0,5.77320454909
86,0,2020,86.0,4.54516731576
87,0,2020,87.0,5.6334061247200005
88,0,2020,88.0,4.11434431476
89,0,2020,89.0,4.14998341639
90,0,2020,90.0,5.27320443773
91,0,2020,91.0,3.7678778952889997
92,0,2020,92.0,3.8904151268620004
93,0,2020,93.0,4.30954777055
94,0,2020,94.0,4.707340565851
95,0,2020,95.0,5.534121345810999
96,0,2020,96.0,4.535847811470999
97,0,2020,97.0,5.359295608846001
98,0,2020,98.0,4.727750351257
99,0,2020,99.0,2.873007196764
100,0,2020,100.0,3.27746987815008
101,0,2020,101.0,4.44958483533692
102,0,2020,102.0,4.96625465554
103,0,2020,103.0,3.8612883301100003
104,0,2020,104.0,2.391072855825
105,0,2020,105.0,1.223881314063
106,0,2020,106.0,3.5093802590710004
107,0,2020,107.0,4.525189415584
108,0,2020,108.0,4.234294078447
109,0,2020,109.0,4.824112132674
110,0,2020,110.0,4.797272735815
111,0,2020,111.0,4.725016443516
112,0,2020,112.0,3.926729669463
113,0,2020,113.0,2.9021577475152
114,0,2020,114.0,3.2651333001314002
115,0,2020,115.0,2.2639369057153598
116,0,2020,116.0,0.8950459181127399
117,0,2020,117.0,4.383347222107256
118,0,2020,118.0,3.142007439826938
119,0,2020,119.0,2.134719835
120,0,2020,120.0,4.3974426886
121,0,2020,121.0,4.1888852138
122,0,2020,122.0,3.7854956823
123,0,2020,123.0,3.9595701607000002
124,0,2020,124.0,3.7598195102
125,0,2020,125.0,2.1581444836199997
126,0,2020,126.0,2.9117073011000003
127,0,2020,127.0,2.8010166657999997
128,0,2020,128.0,3.3907323447
129,0,2020,129.0,4.031792869099999
130,0,2020,130.0,3.7620248078999996
131,0,2020,131.0,3.736591109
132,0,2020,132.0,3.24611540058
133,0,2020,133.0,3.6506767909
134,0,2020,134.0,3.7429107018999996
135,0,2020,135.0,3.76561722853
136,0,2020,136.0,2.1237557896399997
137,0,2020,137.0,3.586723219
138,0,2020,138.0,3.55930251216
139,0,2020,139.0,3.57867402129
140,0,2020,140.0,3.5480092324799997
141,0,2020,141.0,3.20771973007
142,0,2020,142.0,1.4681596567300002
143,0,2020,143.0,0.69331363673
144,0,2020,144.0,1.03228268518
145,0,2020,145.0,2.40983405978
146,0,2020,146.0,1.27356311076
147,0,2020,147.0,1.9050822417300002
148,0,2020,148.0,3.41202215565
149,0,2020,149.0,3.3424994041700002
150,0,2020,150.0,3.05641773793
151,0,2020,151.0,2.9691667898299996
152,0,2020,152.0,1.96302873021
153,0,2020,153.0,1.40622795836
154,0,2020,154.0,3.09695236432
155,0,2020,155.0,3.1337192792
156,0,2020,156.0,3.23622287799
157,0,2020,157.0,1.01647127863
158,0,2020,158.0,1.234596073988
159,0,2020,159.0,1.96775602138
160,0,2020,160.0,1.263717584575
161,0,2020,161.0,2.49404099721
162,0,2020,162.0,3.11024135043
163,0,2020,163.0,3.13486678205
164,0,2020,164.0,2.65362490924
165,0,2020,165.0,3.1996413445200003
166,0,2020,166.0,3.19949363436
167,0,2020,167.0,2.30878347477
168,0,2020,168.0,2.038512948346
169,0,2020,169.0,2.30173369573
170,0,2020,170.0,2.194676547421
171,0,2020,171.0,2.81206646924
172,0,2020,172.0,2.73594628039
173,0,2020,173.0,2.6340185312899997
174,0,2020,174.0,2.76677197811
175,0,2020,175.0,1.7970946140000001
176,0,2020,176.0,0.8980235928020001
177,0,2020,177.0,2.048515733605422
178,0,2020,178.0,3.15526220719
179,0,2020,179.0,2.69158975619
180,0,2020,180.0,2.88376368989
181,0,2020,181.0,2.44047243838
182,0,2020,182.0,0.37644215786999996
183,0,2020,183.0,2.053600916141
184,0,2020,184.0,2.05729965964
185,0,2020,185.0,2.69466460297
186,0,2020,186.0,2.16199657353
187,0,2020,187.0,2.14598260526
188,0,2020,188.0,2.56657482886
189,0,2020,189.0,2.6692388997100003
190,0,2020,190.0,0.690555984256
191,0,2020,191.0,3.1380569561100002
192,0,2020,192.0,2.13438308643
193,0,2020,193.0,3.44888540175
194,0,2020,194.0,2.81047028801
195,0,2020,195.0,3.21341103329
196,0,2020,196.0,3.44405957764
197,0,2020,197.0,3.39450273866
198,0,2020,198.0,2.3984379106400002
199,0,2020,199.0,2.37267062021
200,0,2020,200.0,0.77500333323
201,0,2020,201.0,1.59051170819
202,0,2020,202.0,1.91421085663
203,0,2020,203.0,1.50971470031
204,0,2020,204.0,0.7776977520399999
205,0,2020,205.0,1.0633772457
206,0,2020,206.0,2.3639642085
207,0,2020,207.0,3.4968577067999997
208,0,2020,208.0,3.3876039706000003
209,0,2020,209.0,3.38224058477
210,0,2020,210.0,3.405852192
211,0,2020,211.0,3.8722938584
212,0,2020,212.0,3.8981724855
213,0,2020,213.0,1.88910558466
214,0,2020,214.0,3.3738884198
215,0,2020,215.0,1.0705568106
216,0,2020,216.0,3.04712779203
217,0,2020,217.0,3.7631228057999997
218,0,2020,218.0,3.849657779
219,0,2020,219.0,1.5783684765200001
220,0,2020,220.0,1.0978198165700002
221,0,2020,221.0,3.2788851293
222,0,2020,222.0,2.24304369603
223,0,2020,223.0,2.7554587168299998
224,0,2020,224.0,4.3418856452
225,0,2020,225.0,4.153106870499999
226,0,2020,226.0,4.3849855968
227,0,2020,227.0,4.2781312846
228,0,2020,228.0,4.416301744130756
229,0,2020,229.0,4.608401410313379
230,0,2020,230.0,4.5000166276924505
231,0,2020,231.0,4.4758158146816
232,0,2020,232.0,4.3518504133114
233,0,2020,233.0,4.0016026879489
234,0,2020,234.0,4.762419248067
235,0,2020,235.0,4.819148099113
236,0,2020,236.0,4.910264162184
237,0,2020,237.0,4.79652476623
238,0,2020,238.0,1.7184685013660002
239,0,2020,239.0,2.485801608111
240,0,2020,240.0,1.226956242774
241,0,2020,241.0,4.3588884413
242,0,2020,242.0,1.968100864131
243,0,2020,243.0,5.18272605762
244,0,2020,244.0,2.470590169057
245,0,2020,245.0,1.3377147223699999
246,0,2020,246.0,0.9042676044514723
247,0,2020,247.0,1.6957391758354867
248,0,2020,248.0,5.2359781383849
249,0,2020,249.0,5.416987982613
250,0,2020,250.0,5.554109541399
251,0,2020,251.0,5.403405723199
252,0,2020,252.0,4.782230633651
253,0,2020,253.0,1.833434168851
254,0,2020,254.0,5.7727556668930005
255,0,2020,255.0,5.184928200549001
256,0,2020,256.0,3.41141568655
257,0,2020,257.0,4.17059351101
258,0,2020,258.0,6.10631256231
259,0,2020,259.0,5.81953157494
260,0,2020,260.0,5.47385899798
261,0,2020,261.0,6.08270263549
262,0,2020,262.0,5.15782219458
263,0,2020,263.0,5.95856606122
264,0,2020,264.0,6.43894421445
265,0,2020,265.0,6.29919902723
266,0,2020,266.0,6.16027314073
267,0,2020,267.0,3.95778751359
268,0,2020,268.0,6.346448659
269,0,2020,269.0,3.62669569042
270,0,2020,270.0,2.5273784573699998
271,0,2020,271.0,2.56089682469
272,0,2020,272.0,6.4175344423
273,0,2020,273.0,6.7488500888
274,0,2020,274.0,5.8525568861
275,0,2020,275.0,5.0120054171
276,0,2020,276.0,6.7446663424999995
277,0,2020,277.0,6.770637354700001
278,0,2020,278.0,5.8936228202
279,0,2020,279.0,5.125813169140001
280,0,2020,280.0,6.0868148391
281,0,2020,281.0,7.021460671800001
282,0,2020,282.0,7.2927886919
283,0,2020,283.0,6.5561312943
284,0,2020,284.0,7.3171901344
285,0,2020,285.0,6.368253383500001
286,0,2020,286.0,5.204568486944015
287,0,2020,287.0,7.161674980519098
288,0,2020,288.0,7.42967026519546
289,0,2020,289.0,7.0699865524826
290,0,2020,290.0,7.544961209344501
291,0,2020,291.0,5.4289370417509
292,0,2020,292.0,6.701050107527
293,0,2020,293.0,6.736378455084999
294,0,2020,294.0,2.5209734653619997
295,0,2020,295.0,7.2687753067209995
296,0,2020,296.0,3.7013031757499997
297,0,2020,297.0,5.489553706674
298,0,2020,298.0,7.26121237597
299,0,2020,299.0,7.1257706377800005
300,0,2020,300.0,2.922639097533
301,0,2020,301.0,5.875089845850001
302,0,2020,302.0,5.468406584409999
303,0,2020,303.0,8.16793399407605
304,0,2020,304.0,7.8409565504501
305,0,2020,305.0,8.3412723083357
306,0,2020,306.0,8.4313194379083
307,0,2020,307.0,8.276606129299
308,0,2020,308.0,7.855835370025999
309,0,2020,309.0,8.360296834831
310,0,2020,310.0,7.983604630124001
311,0,2020,311.0,7.5505125740470005
312,0,2020,312.0,6.34830332673
313,0,2020,313.0,8.53252733765
314,0,2020,314.0,3.0730471464400004
315,0,2020,315.0,8.001631817237
316,0,2020,316.0,7.2082952875299995
317,0,2020,317.0,7.282197747590001
318,0,2020,318.0,8.317093423840001
319,0,2020,319.0,6.72345454946
320,0,2020,320.0,5.870927788226
321,0,2020,321.0,8.9538944089
322,0,2020,322.0,8.7525505106
323,0,2020,323.0,6.4242692538399995
324,0,2020,324.0,8.8779310744
325,0,2020,325.0,7.80769117757
326,0,2020,326.0,8.73886643402
327,0,2020,327.0,9.01165164543
328,0,2020,328.0,8.96435700656
329,0,2020,329.0,7.26072107394
330,0,2020,330.0,4.07515795757
331,0,2020,331.0,8.63127644325
332,0,2020,332.0,9.191401162710001
333,0,2020,333.0,7.36309794965
334,0,2020,334.0,8.59181563742
335,0,2020,335.0,9.327033669619999
336,0,2020,336.0,8.81053117405
337,0,2020,337.0,6.92431499826
338,0,2020,338.0,7.619019784220001
339,0,2020,339.0,8.91969759261
340,0,2020,340.0,9.417808129
341,0,2020,341.0,9.3301314575
342,0,2020,342.0,9.2507773816
343,0,2020,343.0,9.1991082086
344,0,2020,344.0,9.1706455051
345,0,2020,345.0,7.8922743254
346,0,2020,346.0,6.9472083904
347,0,2020,347.0,9.1969091529
348,0,2020,348.0,7.00548330191
349,0,2020,349.0,9.559666114699999
350,0,2020,350.0,7.549543441119999
351,0,2020,351.0,8.6203208652
352,0,2020,352.0,8.6453118451
353,0,2020,353.0,8.2466844865
354,0,2020,354.0,4.7429928677
355,0,2020,355.0,8.815734299899999
356,0,2020,356.0,9.3808031357
357,0,2020,357.0,9.4919406115
358,0,2020,358.0,9.3985588648
359,0,2020,359.0,8.824439139199999
360,0,2020,360.0,8.6982664266
361,0,2020,361.0,7.98035627703
362,0,2020,362.0,8.6340705552
363,0,2020,363.0,8.985182344
364,0,2020,364.0,7.811734995699999
365,0,2020,365.0,4.89743191872
366,0,2020,366.0,9.4474258685
1,0,2021,1.0,8.0663673354
2,0,2021,2.0,9.3230355406
3,0,2021,3.0,9.3615453073
4,0,2021,4.0,7.1321140807
5,0,2021,5.0,7.098931273070001
6,0,2021,6.0,7.11401248049
7,0,2021,7.0,8.72455309017
8,0,2021,8.0,8.2761221603
9,0,2021,9.0,6.38593966268
10,0,2021,10.0,8.16876397342
11,0,2021,11.0,3.5055215145400003
12,0,2021,12.0,7.58650074743
13,0,2021,13.0,9.32261620898
14,0,2021,14.0,9.214448310649999
15,0,2021,15.0,8.452074829299999
16,0,2021,16.0,3.96008533914
17,0,2021,17.0,8.09002775693
18,0,2021,18.0,8.9664491839
19,0,2021,19.0,9.00788516809
20,0,2021,20.0,8.99599420904
21,0,2021,21.0,8.89666737187
22,0,2021,22.0,8.85124166847
23,0,2021,23.0,8.72479398729
24,0,2021,24.0,8.83074944589
25,0,2021,25.0,8.589356452170001
26,0,2021,26.0,7.067741208579999
27,0,2021,27.0,4.78371042359
28,0,2021,28.0,6.71129615767
29,0,2021,29.0,5.78227673724
30,0,2021,30.0,7.33110074016
31,0,2021,31.0,5.938199376390999
32,0,2021,32.0,4.657165255326
33,0,2021,33.0,8.05172554576
34,0,2021,34.0,4.563322984823
35,0,2021,35.0,3.6475525787248997
36,0,2021,36.0,7.281492317995
37,0,2021,37.0,8.436552796281
38,0,2021,38.0,7.884205514167
39,0,2021,39.0,3.8944518507358996
40,0,2021,40.0,6.97278541598
41,0,2021,41.0,4.3514163639779
42,0,2021,42.0,2.3295866624361503
43,0,2021,43.0,3.298781020592
44,0,2021,44.0,2.22568803320591
45,0,2021,45.0,6.45348312935
46,0,2021,46.0,5.987731366119999
47,0,2021,47.0,6.31586775087
48,0,2021,48.0,3.9822019373799997
49,0,2021,49.0,7.58935127801
50,0,2021,50.0,7.349458414364
51,0,2021,51.0,7.912795183748001
52,0,2021,52.0,7.100242172444999
53,0,2021,53.0,6.195901726689001
54,0,2021,54.0,7.783630223233
55,0,2021,55.0,7.6611253000137
56,0,2021,56.0,7.6812164043995
57,0,2021,57.0,7.615006901136501
58,0,2021,58.0,7.42275246999135
59,0,2021,59.0,6.295922973283015
60,0,2021,60.0,6.5986099173
61,0,2021,61.0,5.7435832241
62,0,2021,62.0,5.9934023976
63,0,2021,63.0,5.6380094584
64,0,2021,64.0,6.5913503023
65,0,2021,65.0,6.6619569247
66,0,2021,66.0,7.1363879852
67,0,2021,67.0,4.6880321022
68,0,2021,68.0,6.3258156475
69,0,2021,69.0,6.9340340245
70,0,2021,70.0,6.3834872912
71,0,2021,71.0,6.0232053267
72,0,2021,72.0,6.832692772000001
73,0,2021,73.0,6.6910470658
74,0,2021,74.0,6.527947570899999
75,0,2021,75.0,4.06400060708
76,0,2021,76.0,5.07644684239
77,0,2021,77.0,3.69469048474
78,0,2021,78.0,6.31282539626
79,0,2021,79.0,3.62106867042
80,0,2021,80.0,5.631051757150001
81,0,2021,81.0,5.65865808944
82,0,2021,82.0,5.41603402348
83,0,2021,83.0,6.19551437198
84,0,2021,84.0,1.685222103757
85,0,2021,85.0,3.4932077604760003
86,0,2021,86.0,4.94058515823
87,0,2021,87.0,3.82759247637
88,0,2021,88.0,5.297765302959999
89,0,2021,89.0,5.68396018524
90,0,2021,90.0,5.13422346534
91,0,2021,91.0,3.909544022557
92,0,2021,92.0,4.344254706975
93,0,2021,93.0,4.389390319456
94,0,2021,94.0,4.85443141971
95,0,2021,95.0,5.177032794883
96,0,2021,96.0,5.05108595781
97,0,2021,97.0,4.946555420990999
98,0,2021,98.0,4.2334108057099
99,0,2021,99.0,3.0122384489710403
100,0,2021,100.0,1.1753319753732219
101,0,2021,101.0,3.62587019342
102,0,2021,102.0,5.27875069488
103,0,2021,103.0,5.21695755078
104,0,2021,104.0,5.14255388568
105,0,2021,105.0,3.329357147367
106,0,2021,106.0,4.640753078662
107,0,2021,107.0,4.913646581522
108,0,2021,108.0,4.684660724497
109,0,2021,109.0,4.685178186499
110,0,2021,110.0,4.205712202413
111,0,2021,111.0,4.113137544227
112,0,2021,112.0,4.0930878983384
113,0,2021,113.0,4.3458392161468
114,0,2021,114.0,1.58628215650853
115,0,2021,115.0,3.66448771250592
116,0,2021,116.0,2.7304407214681743
117,0,2021,117.0,4.036344777475158
118,0,2021,118.0,4.2008638247
119,0,2021,119.0,4.3943799154
120,0,2021,120.0,4.1536181099
121,0,2021,121.0,4.2532376034
122,0,2021,122.0,3.8970568582
123,0,2021,123.0,3.2381211139
124,0,2021,124.0,3.4454584640799997
125,0,2021,125.0,2.4532310774000003
126,0,2021,126.0,3.7950332727
127,0,2021,127.0,2.41162538736
128,0,2021,128.0,3.4802003027999997
129,0,2021,129.0,2.0848336452
130,0,2021,130.0,1.24138667821
131,0,2021,131.0,2.52066697027
132,0,2021,132.0,3.9170363587000003
133,0,2021,133.0,3.4468476464999998
134,0,2021,134.0,3.6556221931999997
135,0,2021,135.0,3.6694326452999997
136,0,2021,136.0,3.3519398266000002
137,0,2021,137.0,3.442456487
138,0,2021,138.0,3.327019683
139,0,2021,139.0,3.4902404855499998
140,0,2021,140.0,1.94232543101
141,0,2021,141.0,1.56351486307
142,0,2021,142.0,1.73590767342
143,0,2021,143.0,1.7923030229099999
144,0,2021,144.0,3.2456436297
145,0,2021,145.0,3.35729927587
146,0,2021,146.0,3.03452180005
147,0,2021,147.0,3.29117432559
148,0,2021,148.0,1.83595028073
149,0,2021,149.0,2.91708565472
150,0,2021,150.0,3.3732010161100003
151,0,2021,151.0,3.19345121297
152,0,2021,152.0,1.68340300433
153,0,2021,153.0,3.00686174201
154,0,2021,154.0,2.8929573727199998
155,0,2021,155.0,1.34954849872
156,0,2021,156.0,0.70559146033
157,0,2021,157.0,3.21955115836
158,0,2021,158.0,2.93677518293
159,0,2021,159.0,2.12464813456
160,0,2021,160.0,2.58873449935
161,0,2021,161.0,2.2946671236799996
162,0,2021,162.0,2.3255615836900003
163,0,2021,163.0,2.80292373851
164,0,2021,164.0,3.1352221363100004
165,0,2021,165.0,3.08305330436
166,0,2021,166.0,2.66124446597
167,0,2021,167.0,2.062535218786
168,0,2021,168.0,1.901604564284
169,0,2021,169.0,1.086580744252
170,0,2021,170.0,1.6962023127730002
171,0,2021,171.0,3.0087430985420003
172,0,2021,172.0,2.86594596761
173,0,2021,173.0,2.477675356288
174,0,2021,174.0,1.799330073855
175,0,2021,175.0,1.321699374157
176,0,2021,176.0,2.80335721823
177,0,2021,177.0,2.42846522182
178,0,2021,178.0,1.40071909102
179,0,2021,179.0,0.713940916276
180,0,2021,180.0,1.2177385522950002
181,0,2021,181.0,3.04018613107
182,0,2021,182.0,2.579339143614
183,0,2021,183.0,2.81086734435
184,0,2021,184.0,3.28057491098
185,0,2021,185.0,2.62879345362
186,0,2021,186.0,3.30126400346
187,0,2021,187.0,2.47911242127
188,0,2021,188.0,2.41627596364
189,0,2021,189.0,2.8900031529100003
190,0,2021,190.0,3.10523442271
191,0,2021,191.0,1.97693372099
192,0,2021,192.0,3.4025596516
193,0,2021,193.0,0.922392159622
194,0,2021,194.0,1.11914780093
195,0,2021,195.0,0.65648702349
196,0,2021,196.0,2.70036355551
197,0,2021,197.0,3.4416566947400002
198,0,2021,198.0,2.9557638719000003
199,0,2021,199.0,0.497513986317
200,0,2021,200.0,3.16450206875
201,0,2021,201.0,3.5362962935
202,0,2021,202.0,3.53324060929
203,0,2021,203.0,3.20425188843
204,0,2021,204.0,3.45050017636
205,0,2021,205.0,2.79481972439
206,0,2021,206.0,2.07111309514
207,0,2021,207.0,2.91116515592
208,0,2021,208.0,3.4878781438
209,0,2021,209.0,1.77867576778
210,0,2021,210.0,3.1239280707100003
211,0,2021,211.0,3.8279623452
212,0,2021,212.0,3.8455212192
213,0,2021,213.0,3.36197299245
214,0,2021,214.0,3.023455798
215,0,2021,215.0,3.36060744403
216,0,2021,216.0,3.6057024118200003
217,0,2021,217.0,2.46387260201
218,0,2021,218.0,3.6571677784
219,0,2021,219.0,3.7815605661
220,0,2021,220.0,2.9196998451
221,0,2021,221.0,1.4086167553
222,0,2021,222.0,3.3068116525
223,0,2021,223.0,3.6826628738
224,0,2021,224.0,4.0129585207
225,0,2021,225.0,3.8874632097
226,0,2021,226.0,1.40694142429
227,0,2021,227.0,2.745288320999455
228,0,2021,228.0,3.8380462354477904
229,0,2021,229.0,3.650187875705576
230,0,2021,230.0,3.35436006152843
231,0,2021,231.0,2.1467369837551002
232,0,2021,232.0,3.7502546411572
233,0,2021,233.0,3.2438367897869997
234,0,2021,234.0,3.52366803295
235,0,2021,235.0,4.218977081908
236,0,2021,236.0,3.267446449869
237,0,2021,237.0,2.3427362393480005
238,0,2021,238.0,4.998247187582
239,0,2021,239.0,5.05076143228
240,0,2021,240.0,3.5506563295349998
241,0,2021,241.0,4.90623965082
242,0,2021,242.0,4.83469021158
243,0,2021,243.0,4.80802914598
244,0,2021,244.0,3.30823941226
245,0,2021,245.0,0.937476685886381
246,0,2021,246.0,3.2059746769474198
247,0,2021,247.0,4.828214201877801
248,0,2021,248.0,2.8104987081503
249,0,2021,249.0,4.034418453285
250,0,2021,250.0,1.2111051613955002
251,0,2021,251.0,1.2277222988732999
252,0,2021,252.0,2.6858038567120004
253,0,2021,253.0,3.661986878564
254,0,2021,254.0,5.0727037128350005
255,0,2021,255.0,5.103430358619
256,0,2021,256.0,1.44243754297
257,0,2021,257.0,4.18559517988
258,0,2021,258.0,6.10910238518
259,0,2021,259.0,6.06059050991
260,0,2021,260.0,6.18226928669
261,0,2021,261.0,6.02331145938
262,0,2021,262.0,3.56519954901
263,0,2021,263.0,3.56388188697
264,0,2021,264.0,5.2399755337
265,0,2021,265.0,5.4044627188
266,0,2021,266.0,2.6885442468000003
267,0,2021,267.0,5.56892552726
268,0,2021,268.0,4.922875782819999
269,0,2021,269.0,6.528904493
270,0,2021,270.0,5.57700866929
271,0,2021,271.0,2.8145287060300004
272,0,2021,272.0,6.7297566138
273,0,2021,273.0,6.1207371823
274,0,2021,274.0,6.729656101100001
275,0,2021,275.0,6.858901683
276,0,2021,276.0,5.8598794249
277,0,2021,277.0,7.0771920506
278,0,2021,278.0,7.1009545559
279,0,2021,279.0,6.594633990399999
280,0,2021,280.0,7.1474877574
281,0,2021,281.0,6.5847763963
282,0,2021,282.0,5.7293967296
283,0,2021,283.0,5.138360222399999
284,0,2021,284.0,1.80941303749
285,0,2021,285.0,5.0383676908999995
286,0,2021,286.0,5.818818842356333
287,0,2021,287.0,6.26685191722275
288,0,2021,288.0,6.3171941804566005
289,0,2021,289.0,7.8280924716825
290,0,2021,290.0,7.767900943608
291,0,2021,291.0,7.458874674526
292,0,2021,292.0,7.710546216183
293,0,2021,293.0,6.804735500059
294,0,2021,294.0,7.805174702322001
295,0,2021,295.0,6.5462661852720005
296,0,2021,296.0,2.372260144194
297,0,2021,297.0,8.1120470706
298,0,2021,298.0,7.94551759492
299,0,2021,299.0,7.865490608909999
300,0,2021,300.0,7.80165304089
301,0,2021,301.0,7.9555831083
302,0,2021,302.0,8.14033503286842
303,0,2021,303.0,7.69487758718092
304,0,2021,304.0,7.0141085029875
305,0,2021,305.0,3.3883237021084
306,0,2021,306.0,6.009882625662
307,0,2021,307.0,2.6577360499652
308,0,2021,308.0,6.590536521803999
309,0,2021,309.0,3.798241014183
310,0,2021,310.0,8.439368765027998
311,0,2021,311.0,7.7730857392570005
312,0,2021,312.0,8.100021876495001
313,0,2021,313.0,7.88490979225
314,0,2021,314.0,8.22909765113
315,0,2021,315.0,8.120379773949999
316,0,2021,316.0,7.24956192
317,0,2021,317.0,8.46118522072
318,0,2021,318.0,4.65643765915
319,0,2021,319.0,8.10865466498
320,0,2021,320.0,5.4290511625899995
321,0,2021,321.0,9.04122414268
322,0,2021,322.0,9.128312956550001
323,0,2021,323.0,8.23301812188
324,0,2021,324.0,8.88868379662
325,0,2021,325.0,8.23032933469
326,0,2021,326.0,7.67706125874
327,0,2021,327.0,9.19297074284
328,0,2021,328.0,9.08311889277
329,0,2021,329.0,5.23717242227
330,0,2021,330.0,8.81890437189
331,0,2021,331.0,8.87258442173
332,0,2021,332.0,3.32106216504
333,0,2021,333.0,5.90947344647
334,0,2021,334.0,7.8888644462499995
335,0,2021,335.0,8.28002815058
336,0,2021,336.0,8.698007326299999
337,0,2021,337.0,8.2373475388
338,0,2021,338.0,6.84449803112
339,0,2021,339.0,7.23820658818
340,0,2021,340.0,8.119730220700001
341,0,2021,341.0,9.19139071408
342,0,2021,342.0,9.079436386900001
343,0,2021,343.0,8.78303026235
344,0,2021,344.0,6.174500513999999
345,0,2021,345.0,8.7213224982
346,0,2021,346.0,8.9993432824
347,0,2021,347.0,6.461164799600001
348,0,2021,348.0,9.18214030689
349,0,2021,349.0,7.7397310807899995
350,0,2021,350.0,8.785549963400001
351,0,2021,351.0,9.3004679376
352,0,2021,352.0,8.8291250562
353,0,2021,353.0,9.1801248041
354,0,2021,354.0,8.671558015799999
355,0,2021,355.0,5.263818281
356,0,2021,356.0,9.3504505036
357,0,2021,357.0,9.2615385891
358,0,2021,358.0,9.312312518999999
359,0,2021,359.0,6.96937378789
360,0,2021,360.0,9.3907105008
361,0,2021,361.0,9.5007066215
362,0,2021,362.0,8.2332194523
363,0,2021,363.0,7.980589377
364,0,2021,364.0,9.1208891957
365,0,2021,365.0,8.18749108986
