N,year,ipl,flag,GHI
1,2018,0,0,7.417071016666667
2,2018,0,0,8.612929133333335
3,2018,0,0,9.031300833333335
4,2018,0,0,8.591361983333334
5,2018,18,0,2.713865446698323
6,2018,1,0,9.441536215156546
7,2018,0,0,9.075034200000001
8,2018,0,0,9.02418565
9,2018,0,0,9.1537332
10,2018,0,0,6.7880376333333325
11,2018,0,0,8.409850483333333
12,2018,8,0,5.055196722302043
13,2018,0,0,6.468216483333333
14,2018,0,0,1.1038368499999998
15,2018,0,0,7.596206950000001
16,2018,0,0,8.1868847
17,2018,0,0,4.707164233333333
18,2018,1,0,8.420370435486285
19,2018,0,0,8.7359238
20,2018,0,0,8.8632659
21,2018,0,0,6.851023683333333
22,2018,0,0,8.179278983333335
23,2018,0,0,7.249794633333334
24,2018,0,0,6.382356216666667
25,2018,0,0,8.387212100000001
26,2018,1,0,7.670756009883086
27,2018,0,0,6.0017094
28,2018,0,0,8.511827
29,2018,0,0,8.925133149999999
30,2018,0,0,8.78950255
31,2018,0,0,7.70236245
32,2018,0,0,7.892291149999999
33,2018,0,0,7.755515583333334
34,2018,0,0,8.526287
35,2018,0,0,7.742260133333334
36,2018,0,0,8.055238866666667
37,2018,0,0,8.232459899999998
38,2018,0,0,8.079373299999999
39,2018,0,0,7.6694451
40,2018,4,0,3.222984857682655
41,2018,0,0,7.763038366666668
42,2018,15,0,5.54889140718089
43,2018,0,0,8.59920155
44,2018,0,0,8.499858133333335
45,2018,0,0,8.346194433333334
46,2018,0,0,8.110626366666667
47,2018,0,0,7.861679166666667
48,2018,0,0,7.699013383333334
49,2018,0,0,7.544837333333334
50,2018,12,0,5.454498701405179
51,2018,0,0,4.764817666666667
52,2018,0,0,5.00862845
53,2018,2,0,7.942944260539095
54,2018,0,0,7.2050586
55,2018,0,0,6.925829766666667
56,2018,0,0,7.119488266666666
57,2018,0,0,7.279304799999999
58,2018,0,0,6.304399316666666
59,2018,3,0,6.197524501052227
60,2018,0,0,6.973456133333334
61,2018,0,0,6.9328847
62,2018,0,0,5.8186933666666665
63,2018,1,0,6.444126587093762
64,2018,0,0,4.844696516666668
65,2018,0,0,7.128777183333334
66,2018,1,0,7.12290593799295
67,2018,1,0,7.060085957836659
68,2018,0,0,6.22733875
69,2018,3,0,6.7004856284110454
70,2018,0,0,5.198137066666667
71,2018,0,0,6.9607562
72,2018,2,0,6.601777389641791
73,2018,0,0,5.69251225
74,2018,1,0,6.8889236286666975
75,2018,0,0,6.795967616666666
76,2018,0,0,3.2844010999999997
77,2018,1,0,1.3845970814828015
78,2018,0,0,6.61994095
79,2018,0,0,6.340748033333333
80,2018,0,0,5.770428749999999
81,2018,0,0,4.769293266666667
82,2018,0,0,5.553137616666667
83,2018,0,0,4.281483583333333
84,2018,0,0,5.809913833333334
85,2018,0,0,6.028863133333333
86,2018,0,0,5.248032433333333
87,2018,0,0,5.239542699999999
88,2018,0,0,5.140515816666667
89,2018,0,0,5.4892988
90,2018,0,0,5.570222416666666
91,2018,0,0,3.5505325166666664
92,2018,0,0,4.50015565
93,2018,2,0,4.536812727759907
94,2018,0,0,5.13533385
95,2018,0,0,4.741497566666666
96,2018,0,0,1.1701861666666666
97,2018,0,0,1.7984698
98,2018,9,0,1.7482575632524244
99,2018,0,0,4.822114666666667
100,2018,0,0,4.386896866666666
101,2018,0,0,3.8576416666666664
102,2018,0,0,2.996070766666667
103,2018,0,0,4.13546645
104,2018,0,0,5.185708483333333
105,2018,0,0,5.0507944
106,2018,0,0,4.5893181
107,2018,0,0,3.6391696666666666
108,2018,0,0,4.3507882166666665
109,2018,0,0,4.253843916666667
110,2018,17,0,1.652628491114739
111,2018,0,0,2.129866766666667
112,2018,1,0,3.8796309177523884
113,2018,0,0,1.4225470500000001
114,2018,0,0,2.3993115333333335
115,2018,0,0,3.54911745
116,2018,3,0,2.8102187382511423
117,2018,0,0,3.4631365833333336
118,2018,23,0,0.5519887491494014
119,2018,59,1,0.1362851397093955
120,2018,0,0,2.7583605333333336
121,2018,16,0,2.165421030186732
122,2018,40,0,0.4055293588259273
123,2018,1,0,2.6246730773427496
124,2018,11,0,0.9502791464552016
125,2018,0,0,1.3524262166666667
126,2018,0,0,3.425965
127,2018,0,0,3.076534683333333
128,2018,21,0,0.2887277679070886
129,2018,0,0,1.8204539833333333
130,2018,6,0,0.5186765676910389
131,2018,0,0,2.6089312833333334
132,2018,0,0,3.7246315
133,2018,0,0,3.06210775
134,2018,0,0,2.1883322166666668
135,2018,1,0,3.542364544367476
136,2018,0,0,3.6880420499999995
137,2018,0,0,0.67578105
138,2018,0,0,3.4580874333333336
139,2018,0,0,0.7658453333333334
140,2018,0,0,2.47526335
141,2018,1,0,2.7491174929415187
142,2018,0,0,3.7105026166666666
143,2018,0,0,3.5922943333333337
144,2018,0,0,3.481979316666666
145,2018,0,0,3.5701163166666667
146,2018,0,0,3.5442592333333334
147,2018,0,0,3.057179916666667
148,2018,0,0,1.7192127333333331
149,2018,0,0,1.9294811333333333
150,2018,0,0,0.5621982666666667
151,2018,2,0,0.5083275576448452
152,2018,0,0,1.5305657666666665
153,2018,0,0,2.8532911666666667
154,2018,0,0,2.7745525
155,2018,0,0,0.9940813166666667
156,2018,0,0,3.075267083333333
157,2018,0,0,3.188425383333333
158,2018,0,0,2.8661497833333334
159,2018,0,0,3.05943755
160,2018,0,0,2.9051941
161,2018,0,0,1.3290954499999998
162,2018,20,0,1.1010577910367927
163,2018,0,0,1.3769914666666665
164,2018,0,0,1.5874793999999999
165,2018,0,0,2.406116933333333
166,2018,0,0,3.147410666666667
167,2018,0,0,3.3247385
168,2018,0,0,3.2678691
169,2018,0,0,3.2977192833333335
170,2018,0,0,2.6626131666666666
171,2018,0,0,2.7062843666666665
172,2018,0,0,3.32544715
173,2018,0,0,3.1912077
174,2018,0,0,2.8703271
175,2018,0,0,3.34228625
176,2018,0,0,3.2083770499999997
177,2018,0,0,2.797744583333333
178,2018,0,0,3.072440466666667
179,2018,0,0,3.0747699499999994
180,2018,0,0,2.039583566666667
181,2018,0,0,3.21595765
182,2018,0,0,1.0925833333333335
183,2018,0,0,1.0301307999999998
184,2018,0,0,2.3988773
185,2018,0,0,1.8837912833333332
186,2018,0,0,1.6932789166666666
187,2018,0,0,1.3040487833333332
188,2018,0,0,0.6342660333333333
189,2018,0,0,3.0640624
190,2018,0,0,2.596567683333333
191,2018,0,0,1.9760459333333333
192,2018,0,0,2.98928035
193,2018,0,0,2.8603406
194,2018,0,0,2.1606994333333334
195,2018,0,0,2.608890033333333
196,2018,0,0,2.2932316333333334
197,2018,0,0,2.9463740833333336
198,2018,0,0,0.9970296833333334
199,2018,0,0,0.6205735833333333
200,2018,10,0,0.2647343455346898
201,2018,0,0,0.51522905
202,2018,0,0,3.7938671333333334
203,2018,0,0,0.9819698666666667
204,2018,0,0,3.8034560333333336
205,2018,0,0,3.34144525
206,2018,0,0,0.55530115
207,2018,0,0,1.5918108
208,2018,0,0,1.1706423333333331
209,2018,0,0,0.6502475833333334
210,2018,0,0,0.9655257333333334
211,2018,2,0,3.616381582395474
212,2018,0,0,4.092141716666667
213,2018,0,0,4.016143533333333
214,2018,0,0,4.0437937
215,2018,0,0,1.7406654333333336
216,2018,0,0,1.88070725
217,2018,0,0,4.130134233333334
218,2018,0,0,4.049932283333334
219,2018,0,0,3.044052633333333
220,2018,0,0,1.1283326999999999
221,2018,0,0,2.6021693999999997
222,2018,0,0,2.7995044833333336
223,2018,0,0,1.7610664833333334
224,2018,0,0,4.417504066666667
225,2018,0,0,2.9830612333333333
226,2018,0,0,4.37892715
227,2018,0,0,4.408875666666666
228,2018,0,0,4.6255714999999995
229,2018,0,0,4.472378600000001
230,2018,13,0,3.4601187592032856
231,2018,0,0,2.8798319833333332
232,2018,0,0,4.192944483333333
233,2018,0,0,4.343826616666667
234,2018,0,0,4.272909500000001
235,2018,0,0,3.4219802333333336
236,2018,0,0,0.8548838666666667
237,2018,0,0,5.212813499999999
238,2018,0,0,5.068164483333334
239,2018,0,0,5.076650133333333
240,2018,0,0,4.93642385
241,2018,10,0,4.264206196555916
242,2018,9,0,0.805307765449636
243,2018,0,0,1.7328972666666664
244,2018,0,0,2.69196355
245,2018,0,0,4.965869483333333
246,2018,0,0,2.90483125
247,2018,0,0,5.510944416666667
248,2018,0,0,5.564178816666667
249,2018,0,0,5.287799700000001
250,2018,0,0,5.165654983333333
251,2018,0,0,4.47535645
252,2018,0,0,5.103597300000001
253,2018,0,0,4.63142335
254,2018,0,0,5.630598366666667
255,2018,0,0,3.40883825
256,2018,0,0,4.164056766666667
257,2018,0,0,1.8947629000000001
258,2018,0,0,2.1159236666666668
259,2018,0,0,3.1331831666666665
260,2018,0,0,4.242492816666666
261,2018,0,0,4.477742233333333
262,2018,0,0,6.08861115
263,2018,1,0,5.808331972026085
264,2018,0,0,5.49295755
265,2018,38,1,5.047353058472333
266,2018,0,0,4.125700133333334
267,2018,0,0,5.653093516666667
268,2018,0,0,6.129704633333334
269,2018,0,0,4.931320366666667
270,2018,0,0,2.9771301
271,2018,0,0,2.19376675
272,2018,4,0,0.6077955845418153
273,2018,0,0,2.91093545
274,2018,0,0,2.9552297333333337
275,2018,0,0,6.808904166666666
276,2018,0,0,7.070111616666666
277,2018,0,0,7.0871285
278,2018,0,0,7.105845716666667
279,2018,0,0,7.0244482999999995
280,2018,0,0,7.0402846
281,2018,0,0,6.286842
282,2018,0,0,6.017603366666667
283,2018,0,0,7.439771299999999
284,2018,0,0,1.9046148333333335
285,2018,0,0,2.1577502
286,2018,0,0,7.3399669833333325
287,2018,0,0,7.3268188
288,2018,0,0,7.545576816666667
289,2018,0,0,7.608035383333334
290,2018,0,0,6.063481199999999
291,2018,0,0,3.9505933
292,2018,1,0,6.481269626524507
293,2018,0,0,2.8250576
294,2018,0,0,4.529400766666666
295,2018,0,0,5.558926816666666
296,2018,0,0,7.702320383333333
297,2018,1,0,1.4301879249781628
298,2018,0,0,5.2307703666666665
299,2018,0,0,4.287752683333333
300,2018,0,0,7.472261316666667
301,2018,0,0,6.472794816666667
302,2018,0,0,6.41362175
303,2018,0,0,0.95188075
304,2018,5,0,4.255406901023885
305,2018,0,0,8.142520366666666
306,2018,0,0,4.554109033333333
307,2018,0,0,8.289875166666667
308,2018,0,0,8.422033500000001
309,2018,0,0,4.035215200000001
310,2018,0,0,6.407444216666666
311,2018,810,1,24.760826710437403
312,2018,0,0,8.586697933333333
313,2018,0,0,6.536563516666667
314,2018,6,0,2.3326605017283004
315,2018,0,0,2.5734289
316,2018,0,0,3.4832600666666664
317,2018,0,0,4.453362116666667
318,2018,0,0,8.553535266666666
319,2018,0,0,8.637765283333334
320,2018,0,0,7.898856649999999
321,2018,0,0,3.4201000666666665
322,2018,0,0,9.085740266666667
323,2018,0,0,8.953372283333332
324,2018,0,0,8.89438235
325,2018,0,0,8.900659983333334
326,2018,0,0,5.306779116666666
327,2018,1,0,1.448101613014494
328,2018,3,0,6.3682024247787705
329,2018,0,0,8.461530633333334
330,2018,0,0,5.175965633333334
331,2018,0,0,3.27541035
332,2018,0,0,4.6334564
333,2018,0,0,6.153008516666667
334,2018,0,0,8.008503750000001
335,2018,1,0,6.723226074032942
336,2018,0,0,9.024028699999999
337,2018,0,0,8.250344825833334
338,2018,0,0,9.023953351833335
339,2018,0,0,8.293099168666668
340,2018,0,0,8.090271231000001
341,2018,0,0,9.157314702666667
342,2018,0,0,9.160512028166668
343,2018,4,0,6.500168365836829
344,2018,0,0,8.845277658666665
345,2018,0,0,0.454758293
346,2018,0,0,8.736440071166667
347,2018,0,0,1.022537051
348,2018,0,0,4.997246032833333
349,2018,0,0,8.773233689
350,2018,0,0,8.871524093166666
351,2018,103,1,2.8136178795854065
352,2018,0,0,3.9616030333333327
353,2018,10,0,5.008467376336101
354,2018,0,0,5.866247783333334
355,2018,0,0,7.7915927
356,2018,1,0,8.140080707803197
357,2018,0,0,9.085336533333335
358,2018,0,0,9.125667116666667
359,2018,0,0,9.321991400000002
360,2018,0,0,8.523149683333333
361,2018,0,0,4.9395738
362,2018,15,0,8.353256750035113
363,2018,2,0,5.748259748741645
364,2018,5,0,6.893981370324482
365,2018,0,0,9.459625716666666
1,2019,0,0,6.6496388
2,2019,0,0,2.60262615
3,2019,0,0,7.880583
4,2019,0,0,9.242477116666667
5,2019,0,0,9.250523750000001
6,2019,0,0,5.699138850000001
7,2019,0,0,2.98610255
8,2019,15,0,8.191594778548021
9,2019,1,0,5.407966875703799
10,2019,0,0,2.1460127166666667
11,2019,0,0,9.38197675
12,2019,0,0,8.861234066666666
13,2019,0,0,2.494087616666667
14,2019,0,0,8.408936983333334
15,2019,0,0,1.8081606666666667
16,2019,10,0,8.544324305903036
17,2019,0,0,4.336908183333334
18,2019,5,0,5.779840472327684
19,2019,0,0,8.737388316666667
20,2019,0,0,8.950005583333333
21,2019,0,0,8.037542499999999
22,2019,0,0,7.297051716666666
23,2019,0,0,5.6366559
24,2019,0,0,8.532051133333333
25,2019,17,0,2.03307086801112
26,2019,0,0,6.48774565
27,2019,0,0,6.5840625333333325
28,2019,9,0,7.834520075311173
29,2019,50,1,7.948908579048006
30,2019,61,1,3.932877402319753
31,2019,0,0,7.86892875
32,2019,0,0,6.438100866666667
33,2019,18,0,7.260712712740716
34,2019,0,0,8.070535033333334
35,2019,0,0,8.369337633333332
36,2019,0,0,8.582379
37,2019,0,0,7.140358566666667
38,2019,0,0,7.9139845499999995
39,2019,0,0,7.50282725
40,2019,0,0,6.480178749999999
41,2019,0,0,7.876220633333333
42,2019,0,0,1.8213178333333335
43,2019,0,0,7.732781433333334
44,2019,0,0,8.24712295
45,2019,0,0,2.5002991833333335
46,2019,0,0,8.091278966666668
47,2019,13,0,8.041979207315116
48,2019,0,0,7.693218316666667
49,2019,0,0,7.678831133333334
50,2019,0,0,7.5265357999999996
51,2019,0,0,7.448771949999999
52,2019,10,0,7.051004770868719
53,2019,21,0,2.7496975753083066
54,2019,0,0,1.2560487
55,2019,0,0,5.505699616666667
56,2019,0,0,6.1494368999999995
57,2019,0,0,7.861764133333333
58,2019,0,0,7.579037866666666
59,2019,0,0,7.496987083333333
60,2019,9,0,6.755997888222714
61,2019,0,0,7.33745255
62,2019,0,0,7.220202633333333
63,2019,0,0,1.8913584166666666
64,2019,0,0,5.869432799999999
65,2019,0,0,6.847448
66,2019,0,0,6.003106466666667
67,2019,0,0,5.4166296
68,2019,0,0,5.824627083333333
69,2019,0,0,6.874026099999999
70,2019,0,0,5.862095516666666
71,2019,0,0,3.104324333333333
72,2019,0,0,4.683287399999999
73,2019,0,0,4.9857746
74,2019,0,0,3.2957681000000005
75,2019,0,0,4.4003155
76,2019,9,0,4.008986421994247
77,2019,0,0,5.959751933333332
78,2019,0,0,3.6772318
79,2019,0,0,6.319700083333333
80,2019,0,0,5.9844838000000005
81,2019,0,0,4.9589383666666675
82,2019,0,0,5.765488116666667
83,2019,0,0,5.867282983333333
84,2019,0,0,4.86957955
85,2019,0,0,4.511550633333333
86,2019,0,0,5.598158300000001
87,2019,0,0,6.14100015
88,2019,0,0,5.070179850000001
89,2019,0,0,5.357130300000001
90,2019,0,0,5.429932433333334
91,2019,0,0,3.9920712583333335
92,2019,0,0,5.457249132666667
93,2019,0,0,5.246769475333333
94,2019,0,0,3.4407224448333333
95,2019,0,0,4.651567217166667
96,2019,0,0,5.715565498166667
97,2019,0,0,5.676263303499999
98,2019,0,0,5.473311398500001
99,2019,0,0,5.428793187666668
100,2019,0,0,5.0258605728333325
101,2019,0,0,1.6642525408333333
102,2019,0,0,4.845095674833333
103,2019,0,0,5.287306974
104,2019,0,0,3.5005617693333333
105,2019,0,0,1.0655891901666665
106,2019,0,0,5.137151934666667
107,2019,0,0,4.868388387833333
108,2019,0,0,4.6704084728333335
109,2019,0,0,4.622037470166666
110,2019,0,0,4.904151258500001
111,2019,0,0,4.778508909666667
112,2019,0,0,3.3165026191666667
113,2019,0,0,2.7238606921666664
114,2019,0,0,2.2522351639999996
115,2019,0,0,2.6439185971666666
116,2019,0,0,1.4265466316666668
117,2019,0,0,2.0041038424999997
118,2019,0,0,3.8871350545
119,2019,0,0,4.3540170285
120,2019,0,0,3.0474905596666666
121,2019,0,0,4.248253865333333
122,2019,0,0,3.2612501341666666
123,2019,0,0,3.6738951171666665
124,2019,0,0,2.1541539126666662
125,2019,8,0,0.6741523497675638
126,2019,0,0,3.4932144165
127,2019,0,0,3.5002538758333333
128,2019,0,0,3.520986338666667
129,2019,0,0,1.2933146428333333
130,2019,0,0,2.124836583333334
131,2019,0,0,3.908044398666666
132,2019,0,0,3.9839664695
133,2019,0,0,3.8323174418333332
134,2019,0,0,3.9824458705
135,2019,0,0,2.808598686666667
136,2019,0,0,3.6010379698333335
137,2019,0,0,3.584593577166667
138,2019,0,0,3.15118037
139,2019,0,0,1.565880749
140,2019,0,0,1.0665948396666667
141,2019,1,0,1.5628587426329517
142,2019,0,0,1.8214371544999999
143,2019,0,0,3.6484055508333335
144,2019,0,0,3.6281901598333333
145,2019,0,0,2.916504361
146,2019,0,0,2.1395732066666664
147,2019,0,0,1.2954480451666666
148,2019,0,0,2.6818680065
149,2019,0,0,2.089436052
150,2019,0,0,1.053976867
151,2019,0,0,2.541661972
152,2019,0,0,2.2455310838333333
153,2019,0,0,3.0250880248333334
154,2019,0,0,3.3262048875
155,2019,0,0,3.208624465666667
156,2019,0,0,2.387174914
157,2019,0,0,1.8532209313333332
158,2019,0,0,3.3287661743333334
159,2019,0,0,3.377903605666667
160,2019,0,0,3.3075526995
161,2019,0,0,0.8229418975
162,2019,0,0,0.7259227721666667
163,2019,0,0,1.2343463338333331
164,2019,0,0,0.9318992168333333
165,2019,0,0,0.7957518368333333
166,2019,0,0,0.3122155028333333
167,2019,4,0,0.2898891348006541
168,2019,0,0,0.23821513083333332
169,2019,0,0,1.5813120813333332
170,2019,0,0,3.1984786205
171,2019,0,0,2.9321512338333333
172,2019,0,0,1.3669004866666667
173,2019,0,0,1.7958598535
174,2019,0,0,1.0633119725
175,2019,0,0,0.9153674351666666
176,2019,0,0,2.5017937608333334
177,2019,0,0,2.0071622295000004
178,2019,0,0,3.211724717666667
179,2019,0,0,0.48475153016666667
180,2019,0,0,0.45761055183333327
181,2019,0,0,0.8329984086666667
182,2019,0,0,3.376475086
183,2019,8,0,1.9915358048986211
184,2019,0,0,3.2971336071666664
185,2019,0,0,3.368115549
186,2019,0,0,3.2028964639999997
187,2019,0,0,3.4224391033333332
188,2019,0,0,3.0610225693333333
189,2019,0,0,3.1471130496666664
190,2019,0,0,2.9619942238333334
191,2019,0,0,1.4248107748333332
192,2019,0,0,2.262288688833334
193,2019,0,0,0.3740893673333333
194,2019,0,0,2.1930185453333335
195,2019,0,0,3.367513272
196,2019,0,0,2.9340965828333334
197,2019,0,0,3.5640407465000004
198,2019,0,0,3.5229340373333335
199,2019,0,0,3.1632813220000005
200,2019,0,0,3.2378768449999997
201,2019,0,0,2.4532203945
202,2019,0,0,1.4592898733333333
203,2019,0,0,2.269520714
204,2019,0,0,1.034903124
205,2019,0,0,2.6380885071666667
206,2019,0,0,0.7676964221666667
207,2019,0,0,0.7907811908333333
208,2019,0,0,3.835001144
209,2019,0,0,3.535771638166667
210,2019,0,0,2.3129762353333336
211,2019,0,0,2.7992881975
212,2019,0,0,3.5515682208333335
213,2019,0,0,2.7076086178333334
214,2019,0,0,4.012726036499999
215,2019,0,0,4.063934877666666
216,2019,0,0,4.177626694500001
217,2019,0,0,4.2952373665
218,2019,0,0,4.129812659833333
219,2019,0,0,2.9856917391666666
220,2019,0,0,1.4998067906666666
221,2019,0,0,0.47970906166666666
222,2019,0,0,4.441795043
223,2019,0,0,4.154453316666666
224,2019,0,0,3.002336081166667
225,2019,0,0,3.832698534166667
226,2019,0,0,4.540310423999999
227,2019,0,0,3.752045042666667
228,2019,0,0,3.6108108194999997
229,2019,0,0,1.1343385648333335
230,2019,0,0,3.7370754833333333
231,2019,0,0,3.1145273975
232,2019,0,0,3.1162664346666666
233,2019,0,0,4.604563499999999
234,2019,0,0,3.2664242275000004
235,2019,0,0,4.730435759166667
236,2019,0,0,3.777919258
237,2019,0,0,2.7454654158333334
238,2019,0,0,3.1960035451666666
239,2019,0,0,4.312403486833333
240,2019,0,0,4.091353114666667
241,2019,0,0,1.119309309
242,2019,0,0,1.8102778483333333
243,2019,0,0,5.342394701166667
244,2019,0,0,5.4515997245
245,2019,0,0,4.0943976688333334
246,2019,0,0,5.6294384385
247,2019,0,0,5.3100148435
248,2019,0,0,5.3700756665
249,2019,0,0,3.956788099833333
250,2019,0,0,3.0148496575
251,2019,0,0,1.5585536951666665
252,2019,0,0,0.8609689123333334
253,2019,0,0,2.6997155784999998
254,2019,0,0,2.9072391003333333
255,2019,0,0,5.987499440833333
256,2019,0,0,5.655387706166667
257,2019,0,0,5.204316087333333
258,2019,0,0,5.1671396175
259,2019,0,0,5.477614811166667
260,2019,0,0,6.305253272833334
261,2019,0,0,6.278082928833333
262,2019,0,0,5.053027280833334
263,2019,0,0,6.543896970333334
264,2019,0,0,6.242530295500001
265,2019,0,0,6.708493154
266,2019,0,0,5.4552270866666674
267,2019,0,0,6.482315000666666
268,2019,0,0,6.4138293006666665
269,2019,0,0,6.5992788215
270,2019,0,0,5.7068831005
271,2019,0,0,6.073213481833333
272,2019,0,0,6.4941802705
273,2019,0,0,3.573677695666667
274,2019,8,0,0.12164652601338558
275,2019,0,0,2.158784859
276,2019,0,0,4.991416468833333
277,2019,0,0,0.7315921206666668
278,2019,2,0,6.22593162785362
279,2019,0,0,7.051037575333334
280,2019,0,0,6.1900669053333335
281,2019,0,0,7.282185440833333
282,2019,0,0,6.497123097833333
283,2019,5,0,4.723485597137587
284,2019,0,0,2.2138421963333332
285,2019,3,0,1.6236550689664127
286,2019,0,0,3.016102718166666
287,2019,0,0,3.0737622125
288,2019,0,0,1.3676179886666666
289,2019,0,0,3.583789375
290,2019,0,0,1.6683926629999999
291,2019,0,0,7.851631664166667
292,2019,0,0,7.5823868665
293,2019,0,0,2.085287702
294,2019,0,0,5.481095639333334
295,2019,0,0,5.935401038833334
296,2019,0,0,7.944618973666667
297,2019,0,0,7.766922021166668
298,2019,0,0,7.770062221000001
299,2019,0,0,7.718942045333334
300,2019,0,0,4.299552812333333
301,2019,0,0,1.8584598976666664
302,2019,0,0,6.326600843166667
303,2019,0,0,4.621987474666667
304,2019,0,0,8.413632382166666
305,2019,0,0,3.4362049010000004
306,2019,0,0,4.502804039333333
307,2019,0,0,8.21389005
308,2019,0,0,1.5435776758333333
309,2019,0,0,8.380424719833332
310,2019,0,0,6.090663560666666
311,2019,0,0,8.320242010166666
312,2019,0,0,8.100242978333334
313,2019,0,0,6.030519021
314,2019,0,0,8.420852857000002
315,2019,0,0,6.8212391435
316,2019,0,0,7.861185935666667
317,2019,0,0,7.006574313
318,2019,0,0,7.345950466666666
319,2019,0,0,8.323385063166667
320,2019,0,0,3.1347180906666665
321,2019,0,0,7.05485459
322,2019,0,0,7.467563849833334
323,2019,0,0,7.9251054165
324,2019,0,0,8.366214752666666
325,2019,0,0,7.585082022
326,2019,0,0,4.280102780666667
327,2019,0,0,8.961161566500001
328,2019,0,0,8.859315553000002
329,2019,0,0,2.8161713763333336
330,2019,0,0,4.370145814666667
331,2019,0,0,9.058358207166666
332,2019,0,0,8.781895282333334
333,2019,0,0,6.9772570185
334,2019,0,0,8.387723251833332
335,2019,0,0,9.277095306333333
336,2019,0,0,9.032229603166666
337,2019,0,0,4.860174742000001
338,2019,0,0,5.209365211166666
339,2019,0,0,9.218847858333334
340,2019,0,0,9.035263301666667
341,2019,0,0,8.393843434166667
342,2019,0,0,8.4970092605
343,2019,0,0,8.924563556999999
344,2019,0,0,8.936484347333334
345,2019,0,0,7.607946957499999
346,2019,0,0,8.8759455155
347,2019,0,0,9.019887140833333
348,2019,0,0,7.120771928833333
349,2019,1,0,1.7326729354860655
350,2019,0,0,8.139068952666666
351,2019,0,0,9.037570776666666
352,2019,0,0,8.688923001
353,2019,0,0,8.770963403166666
354,2019,0,0,1.7976887793333334
355,2019,2,0,3.8169935487642586
356,2019,0,0,9.3652503665
357,2019,0,0,9.039809830166668
358,2019,0,0,9.300873501666667
359,2019,3,0,6.585777483255371
360,2019,0,0,6.900674294333334
361,2019,0,0,8.311781755166667
362,2019,0,0,5.657396679666666
363,2019,0,0,7.800562442333334
364,2019,0,0,2.391818541
365,2019,0,0,4.1904447765
1,2020,0,0,6.428851225333332
2,2020,0,0,7.8688207294999994
3,2020,0,0,8.640706726666666
4,2020,0,0,8.662587827833333
5,2020,0,0,8.414187548
6,2020,0,0,7.327664329
7,2020,0,0,8.8797263675
8,2020,0,0,8.759374409999998
9,2020,0,0,5.639053954166667
10,2020,0,0,6.603742811666667
11,2020,0,0,8.825166272166665
12,2020,0,0,8.375082540166668
13,2020,0,0,8.552185573500001
14,2020,0,0,4.410382085166667
15,2020,35,1,2.6187462156584957
16,2020,0,0,8.8408413335
17,2020,0,0,8.774033314666667
18,2020,0,0,8.006318411166665
19,2020,0,0,7.928886927833333
20,2020,0,0,7.106553345999999
21,2020,0,0,2.13889521
22,2020,0,0,6.352896465
23,2020,0,0,8.586551151333333
24,2020,0,0,8.417509177000001
25,2020,0,0,8.223203210333335
26,2020,0,0,7.9943635875000005
27,2020,0,0,8.583361095499999
28,2020,0,0,8.624275691666668
29,2020,0,0,5.9394266731666665
30,2020,0,0,8.386745643166666
31,2020,0,0,8.739643714666666
32,2020,0,0,8.444091937500001
33,2020,0,0,8.276329923666667
34,2020,0,0,8.267107614833334
35,2020,0,0,7.316405429166667
36,2020,0,0,5.059008091
37,2020,0,0,7.105977814166667
38,2020,0,0,4.8462529585
39,2020,0,0,6.118789405166666
40,2020,0,0,6.924338511666666
41,2020,0,0,7.005768799166667
42,2020,0,0,7.4205710215
43,2020,0,0,7.927248727166666
44,2020,0,0,8.03480074
45,2020,0,0,7.505903511666666
46,2020,0,0,7.9553618675
47,2020,0,0,6.677237649
48,2020,5,0,4.280669040190701
49,2020,0,0,7.4983215045
50,2020,0,0,7.731821277000001
51,2020,0,0,7.399204836499999
52,2020,0,0,6.825222668333334
53,2020,0,0,7.2184475348333335
54,2020,0,0,7.240944328666667
55,2020,0,0,7.620887654
56,2020,0,0,4.739161748333333
57,2020,0,0,7.5197760591666665
58,2020,0,0,7.414548899833333
59,2020,0,0,7.317967672666667
60,2020,0,0,6.088389734
61,2020,0,0,5.8962455910000005
62,2020,0,0,6.4776193255
63,2020,0,0,6.891339413666667
64,2020,0,0,6.748441375666666
65,2020,0,0,7.144284436833334
66,2020,0,0,4.887565183833334
67,2020,0,0,6.731161983
68,2020,0,0,5.134575685833334
69,2020,0,0,5.174760124833333
70,2020,0,0,5.418666893000001
71,2020,0,0,0.5713011911666668
72,2020,0,0,5.211533704666666
73,2020,0,0,6.316814670166666
74,2020,0,0,0.563065672
75,2020,0,0,3.7421616993333333
76,2020,0,0,6.718721542833333
77,2020,0,0,2.0163420141666664
78,2020,0,0,3.1177900995
79,2020,0,0,5.132641917833333
80,2020,0,0,6.301397447833333
81,2020,0,0,6.333770493333334
82,2020,0,0,6.3181388275
83,2020,0,0,6.404196235666666
84,2020,0,0,5.945367899
85,2020,0,0,4.134345862
86,2020,0,0,5.284560924166667
87,2020,0,0,5.453850598833333
88,2020,0,0,4.563493841333333
89,2020,0,0,4.1565108205
90,2020,0,0,5.131028041166667
91,2020,0,0,2.6816525891666667
92,2020,0,0,3.091116367166667
93,2020,0,0,5.500010209499999
94,2020,1,0,4.930685453902376
95,2020,0,0,5.7708345115
96,2020,0,0,3.1283779603333333
97,2020,0,0,5.3446373645000005
98,2020,0,0,4.799864401833334
99,2020,0,0,5.565597822666667
100,2020,0,0,3.835784536833333
101,2020,0,0,4.891072613166666
102,2020,0,0,4.432487409166667
103,2020,0,0,4.7400226960000005
104,2020,0,0,1.3098557405
105,2020,0,0,5.032681549166667
106,2020,0,0,5.151929636166667
107,2020,0,0,5.178667178833334
108,2020,0,0,4.996468699833334
109,2020,0,0,4.974304328166666
110,2020,0,0,4.902108608333333
111,2020,0,0,4.7699921735
112,2020,0,0,4.277725283166666
113,2020,0,0,3.0915445249999998
114,2020,0,0,3.6665916541666665
115,2020,0,0,2.1831577538333335
116,2020,0,0,0.936999664
117,2020,0,0,3.1073517738333334
118,2020,0,0,2.191666559166667
119,2020,0,0,0.594403561
120,2020,0,0,4.454821608166666
121,2020,0,0,4.441823611333334
122,2020,0,0,4.039929136166666
123,2020,1,0,3.375439477189646
124,2020,0,0,4.052363573333333
125,2020,0,0,1.4903390951666666
126,2020,0,0,1.5623061533333333
127,2020,0,0,2.9179999629999998
128,2020,0,0,3.786757751666667
129,2020,0,0,4.073726928666667
130,2020,0,0,4.027023148833333
131,2020,0,0,3.7562831358333333
132,2020,0,0,3.2254116323333335
133,2020,0,0,3.8676771954999998
134,2020,0,0,3.5929845506666664
135,2020,0,0,3.9940164738333337
136,2020,0,0,2.8039538349999997
137,2020,0,0,3.6396069764999996
138,2020,0,0,3.5588853615
139,2020,0,0,3.5762652868333333
140,2020,0,0,3.6075147643333336
141,2020,0,0,3.0138571295000003
142,2020,0,0,0.3585091523333333
143,2020,0,0,0.5908244336666666
144,2020,0,0,3.495490463666667
145,2020,0,0,2.4997365116666668
146,2020,0,0,2.0627869800000003
147,2020,0,0,2.3807876983333336
148,2020,0,0,3.551170105333333
149,2020,0,0,3.3663643541666666
150,2020,0,0,3.2968014468333333
151,2020,0,0,1.9095360059999997
152,2020,0,0,1.7842628358333332
153,2020,0,0,3.0987642345
154,2020,0,0,3.3998438153333335
155,2020,0,0,3.1806358381666664
156,2020,0,0,3.3276873571666665
157,2020,0,0,0.5671717686666667
158,2020,0,0,1.163642293
159,2020,0,0,0.9389024635
160,2020,0,0,0.773608673
161,2020,0,0,2.7985032906666665
162,2020,0,0,3.267317834
163,2020,0,0,2.9238998576666666
164,2020,0,0,1.419054587
165,2020,0,0,3.4186079313333333
166,2020,0,0,3.311582292
167,2020,0,0,2.0820578419999998
168,2020,0,0,2.8046306446666662
169,2020,0,0,2.1427930835
170,2020,0,0,1.459554395
171,2020,0,0,1.4474482076666668
172,2020,0,0,2.6724517813333333
173,2020,0,0,1.6413922315
174,2020,0,0,2.6671585893333334
175,2020,0,0,0.4053706125
176,2020,0,0,0.5102230413333333
177,2020,0,0,2.9902165391666666
178,2020,0,0,2.8742314493333336
179,2020,0,0,2.4943231456666664
180,2020,0,0,2.891416796333333
181,2020,0,0,2.5291138365
182,2020,0,0,0.5477831941666668
183,2020,0,0,1.804189625
184,2020,1,0,1.5545320358366028
185,2020,0,0,2.6192326445000003
186,2020,0,0,2.091365404333333
187,2020,0,0,2.6295120005
188,2020,0,0,3.032793972666667
189,2020,0,0,2.3890141423333335
190,2020,0,0,1.8714147205000002
191,2020,0,0,3.195185340333333
192,2020,0,0,1.2115414276666667
193,2020,0,0,3.2669144643333334
194,2020,0,0,2.579249035666667
195,2020,3,0,2.9243932911594994
196,2020,0,0,3.562957141833333
197,2020,0,0,3.4690446896666667
198,2020,0,0,1.4455847343333332
199,2020,0,0,3.3010477645000003
200,2020,0,0,1.9357531835
201,2020,0,0,2.481604245166667
202,2020,0,0,2.0807276766666667
203,2020,0,0,1.4041201771666667
204,2020,0,0,0.7164256925
205,2020,0,0,0.1450571785
206,2020,0,0,2.320129791333333
207,2020,0,0,3.733122728333333
208,2020,0,0,3.2721674276666666
209,2020,0,0,3.006004586166667
210,2020,0,0,3.9333463241666666
211,2020,0,0,3.935830208
212,2020,0,0,4.027940640166667
213,2020,0,0,3.025007288333333
214,2020,0,0,3.5128245965
215,2020,0,0,2.589315935333333
216,2020,0,0,3.3067700748333335
217,2020,0,0,3.852485852
218,2020,0,0,2.852243145666667
219,2020,16,0,1.4636111263517946
220,2020,0,0,0.4778535971666667
221,2020,0,0,2.4562126970000002
222,2020,0,0,1.485081783
223,2020,0,0,3.979814783833333
224,2020,0,0,4.545751534
225,2020,0,0,4.458782315833333
226,2020,0,0,4.124902232166667
227,2020,0,0,4.173061589666666
228,2020,0,0,4.6297056481666665
229,2020,0,0,4.525948028666667
230,2020,0,0,4.662076727666666
231,2020,0,0,4.281056600833334
232,2020,0,0,3.753226827166667
233,2020,0,0,4.794545684166668
234,2020,0,0,4.6402589045000004
235,2020,0,0,4.800531726833333
236,2020,0,0,4.912247946333333
237,2020,0,0,4.7188761975
238,2020,0,0,1.7616290285
239,2020,0,0,1.2818677743333333
240,2020,0,0,4.1949433130000005
241,2020,0,0,2.5932241276666668
242,2020,0,0,0.6700530055000001
243,2020,0,0,5.4382145615
244,2020,0,0,2.9974095649999994
245,2020,0,0,0.9399380996666667
246,2020,0,0,0.5247413053333333
247,2020,0,0,3.1515059755
248,2020,0,0,4.053886691166667
249,2020,0,0,5.514829013
250,2020,0,0,5.532687411666666
251,2020,0,0,5.534819126833334
252,2020,0,0,5.307249471166666
253,2020,0,0,2.8490219448333334
254,2020,0,0,5.6163768655
255,2020,0,0,5.225277788833334
256,2020,0,0,5.709191690333333
257,2020,0,0,4.846146832166666
258,2020,0,0,6.3080452645
259,2020,0,0,4.253392939666667
260,2020,0,0,6.1082430133333325
261,2020,0,0,5.8143530585
262,2020,0,0,5.939916267666667
263,2020,0,0,6.387599911000001
264,2020,0,0,6.5558481749999995
265,2020,0,0,6.501799869166667
266,2020,0,0,6.054497016333333
267,2020,0,0,5.4746953734999995
268,2020,0,0,5.867854672000001
269,2020,0,0,1.9337542271666668
270,2020,0,0,1.2325721306666668
271,2020,0,0,1.5831451476666667
272,2020,0,0,6.965449922833334
273,2020,0,0,6.6829774915
274,2020,0,0,6.477707484166666
275,2020,0,0,5.772136269833334
276,2020,0,0,6.510479189000001
277,2020,0,0,6.2027204215
278,2020,0,0,3.9172789936666668
279,2020,0,0,4.9796877395
280,2020,0,0,6.122363996
281,2020,0,0,6.9790582976666675
282,2020,0,0,6.916295491666667
283,2020,0,0,7.318459902333333
284,2020,0,0,7.5376335039999995
285,2020,0,0,6.676097690166666
286,2020,0,0,5.921124592333333
287,2020,0,0,7.478281934999999
288,2020,0,0,7.312590149
289,2020,0,0,6.350515292333333
290,2020,0,0,7.270690119666667
291,2020,0,0,2.9815963586666667
292,2020,0,0,6.567371703666667
293,2020,0,0,5.343404795666666
294,2020,1,0,1.694060024522752
295,2020,2,0,5.181744655685231
296,2020,719,1,1.2770861134251354
297,2020,0,0,4.074533328666666
298,2020,0,0,4.904141644666667
299,2020,0,0,2.2011900856666666
300,2020,0,0,7.799252968499999
301,2020,0,0,8.426173871333335
302,2020,0,0,4.904105252
303,2020,0,0,7.243312106666666
304,2020,0,0,8.133825271666668
305,2020,0,0,7.748911284999999
306,2020,0,0,8.318032414000001
307,2020,0,0,8.344916193000001
308,2020,2,0,7.695809023847973
309,2020,0,0,8.669006675666667
310,2020,0,0,8.612089230666667
311,2020,0,0,7.7788366005
312,2020,0,0,8.381228225666668
313,2020,0,0,8.49189573
314,2020,0,0,4.750448813833334
315,2020,1440,1,0.0
316,2020,0,0,8.091210762333334
317,2020,1,0,8.497060036751456
318,2020,0,0,8.5046436375
319,2020,0,0,4.1499484508333335
320,2020,0,0,6.291897342833334
321,2020,0,0,8.764253507166666
322,2020,1,0,8.437523090751744
323,2020,0,0,8.020554411833334
324,2020,0,0,8.860920170333333
325,2020,0,0,8.328541706166668
326,2020,0,0,7.267409329333333
327,2020,0,0,8.646245031833335
328,2020,1,0,8.85269116807014
329,2020,0,0,6.1072762874999995
330,2020,6,0,4.071643360854575
331,2020,2,0,8.81862207276085
332,2020,2,0,8.885903976442725
333,2020,12,0,3.561095348258618
334,2020,0,0,8.2370532475
335,2020,0,0,9.156919764166666
336,2020,1,0,8.037557195796815
337,2020,0,0,4.0246953759999995
338,2020,19,0,9.15526304015175
339,2020,0,0,7.477674555666667
340,2020,0,0,8.482134663666667
341,2020,0,0,9.267413626333333
342,2020,0,0,9.2883774995
343,2020,0,0,8.926017847666666
344,2020,0,0,8.789602163
345,2020,5,0,9.005703766674827
346,2020,4,0,4.872996647310983
347,2020,0,0,7.513603062166666
348,2020,43,0,3.609446268918927
349,2020,2,0,8.342369671725987
350,2020,0,0,2.470093883666667
351,2020,0,0,9.427854768333335
352,2020,3,0,8.949065867093235
353,2020,3,0,6.981620304998411
354,2020,0,0,7.212721121666667
355,2020,2,0,6.793640745949676
356,2020,3,0,9.437435706337707
357,2020,2,0,9.229103142191573
358,2020,1,0,9.117959370420358
359,2020,2,0,9.17935683131095
360,2020,0,0,7.056659473333333
361,2020,0,0,8.868935391166668
362,2020,0,0,8.860361436333333
363,2020,0,0,7.519060001000001
364,2020,0,0,5.9767780435
365,2020,12,0,4.64149444221112
366,2020,3,0,9.360685497368017
1,2021,1,0,9.03854647998775
2,2021,1,0,9.024838808649209
3,2021,1,0,8.533486655658892
4,2021,0,0,8.432943807666666
5,2021,0,0,4.460632489999999
6,2021,0,0,6.683308068
7,2021,2,0,8.36091275936799
8,2021,1,0,8.685227230621017
9,2021,10,0,6.42538513673782
10,2021,0,0,8.593953751333334
11,2021,0,0,1.5172759958333333
12,2021,2,0,8.98957680834336
13,2021,0,0,9.181033394166667
14,2021,0,0,9.205792189666667
15,2021,5,0,3.3118273307745842
16,2021,0,0,6.067920485166667
17,2021,0,0,8.201020355999999
18,2021,6,0,9.013119136841878
19,2021,2,0,8.895080682012376
20,2021,0,0,8.908118017333333
21,2021,1,0,8.908837769182632
22,2021,0,0,8.950175694833332
23,2021,0,0,8.454256228
24,2021,0,0,8.626840170166666
25,2021,6,0,8.632117019480043
26,2021,0,0,5.416292296333334
27,2021,4,0,8.322177310316267
28,2021,2,0,3.437948597242727
29,2021,30,0,5.785468916693029
30,2021,4,0,1.3286677959634074
31,2021,5,0,3.4650254243538843
32,2021,0,0,4.142229604166666
33,2021,0,0,4.034949378
34,2021,0,0,1.3687823475
35,2021,4,0,8.311817443516336
36,2021,4,0,8.476751633364287
37,2021,6,0,8.44267681883381
38,2021,2,0,8.336527502674825
39,2021,0,0,4.811295254499999
40,2021,0,0,5.955099969833333
41,2021,0,0,6.451184400166666
42,2021,0,0,3.6073501116666664
43,2021,4,0,5.052126544615501
44,2021,0,0,5.791236817166667
45,2021,1,0,5.997101019399869
46,2021,3,0,5.68912427919637
47,2021,3,0,3.113544992555663
48,2021,6,0,5.733731790764869
49,2021,9,0,7.848963548251089
50,2021,6,0,6.412776782405485
51,2021,7,0,7.941254093826946
52,2021,4,0,7.626984319258099
53,2021,53,0,3.3656265042260123
54,2021,5,0,7.736610387290676
55,2021,5,0,7.672867739627002
56,2021,5,0,7.601757981564733
57,2021,9,0,7.6060647617526005
58,2021,2,0,7.423182599443606
59,2021,4,0,6.751886598071179
60,2021,3,0,6.046367768091957
61,2021,0,0,5.672373296333333
62,2021,1,0,5.488636520969381
63,2021,1,0,4.6712545427871826
64,2021,5,0,4.374299898299111
65,2021,6,0,6.593362480020455
66,2021,6,0,7.046527653663795
67,2021,15,0,5.505360238152468
68,2021,3,0,6.211841515468813
69,2021,1,0,6.350555108384602
70,2021,7,0,5.435869932532344
71,2021,2,0,6.0228641913271
72,2021,6,0,6.826641700632229
73,2021,3,0,6.298897035103772
74,2021,1,0,4.800804675299466
75,2021,0,0,2.0661407164999996
76,2021,11,0,1.9765093228323949
77,2021,5,0,5.353907592172357
78,2021,44,1,5.065195273506446
79,2021,7,0,0.8220423396190307
80,2021,1,0,3.23322883996334
81,2021,8,0,4.670672387884787
82,2021,4,0,5.5274644051636965
83,2021,7,0,4.891945450492894
84,2021,0,0,0.2169115315
85,2021,6,0,3.365856576280044
86,2021,7,0,3.7004002154696702
87,2021,4,0,4.873280707158481
88,2021,6,0,2.4282749025269137
89,2021,2,0,5.152328835092788
90,2021,3,0,5.339487327972318
91,2021,1,0,4.554690349180891
92,2021,3,0,4.597191013245004
93,2021,0,0,4.791809039666666
94,2021,5,0,4.672694885165679
95,2021,1,0,4.791299407860686
96,2021,1,0,4.741852507849789
97,2021,4,0,5.219421618794438
98,2021,14,0,2.7910189990151832
99,2021,0,0,0.8478430073333333
100,2021,0,0,0.5480525121666667
101,2021,16,0,2.030208922810786
102,2021,6,0,5.262956144038071
103,2021,6,0,5.220504867416193
104,2021,2,0,5.17064518321725
105,2021,3,0,3.53572591007981
106,2021,3,0,4.315648943139125
107,2021,2,0,4.848354813829589
108,2021,7,0,3.3970391486970763
109,2021,2,0,4.875195607014239
110,2021,2,0,4.03575837111339
111,2021,3,0,4.602814020777002
112,2021,0,0,3.9774255968333336
113,2021,1,0,4.327258903204563
114,2021,0,0,2.403190448833333
115,2021,0,0,3.8921414216666665
116,2021,4,0,4.495670039867174
117,2021,4,0,3.7596606368657595
118,2021,4,0,4.359290141160867
119,2021,6,0,4.397127606953101
120,2021,7,0,4.4265591679922425
121,2021,7,0,4.185014081061569
122,2021,10,0,3.7095065296035936
123,2021,13,0,1.3027620151018573
124,2021,4,0,4.182108185886289
125,2021,5,0,3.877667979409378
126,2021,5,0,4.199552070630243
127,2021,10,0,3.732651274204171
128,2021,11,0,3.7782554733063143
129,2021,0,0,2.6943008893333333
130,2021,6,0,2.752631153808146
131,2021,3,0,3.971591612354781
132,2021,4,0,4.034555064091865
133,2021,5,0,3.8504191413268245
134,2021,1,0,3.914901132442187
135,2021,5,0,3.472118821703474
136,2021,0,0,2.215093612833333
137,2021,3,0,3.463333730616719
138,2021,3,0,3.5687299726325987
139,2021,3,0,3.2702854397109125
140,2021,0,0,2.864500097833333
141,2021,0,0,0.38333771266666666
142,2021,28,0,0.37987971173470986
143,2021,0,0,1.3428673619999998
144,2021,0,0,3.2768263803333335
145,2021,5,0,3.4503484505811515
146,2021,0,0,3.328863997833333
147,2021,1,0,3.3448613661367577
148,2021,0,0,2.7922692516666667
149,2021,7,0,3.47592793617179
150,2021,4,0,3.458197533983898
151,2021,0,0,3.1998356671666666
152,2021,8,0,1.6444709598799632
153,2021,1,0,2.38030159757546
154,2021,2,0,2.7304996767513243
155,2021,13,0,1.404698907122749
156,2021,6,0,1.101970586172777
157,2021,4,0,3.3536568043631796
158,2021,0,0,2.7969205619999995
159,2021,0,0,1.9343834168333334
160,2021,0,0,0.9819176388333333
161,2021,5,0,2.1732666979841175
162,2021,0,0,2.8073630358333337
163,2021,1,0,3.1242171429025096
164,2021,2,0,3.196438553146835
165,2021,18,0,2.6048415932309616
166,2021,1,0,2.8546295813096076
167,2021,4,0,1.4575800887695327
168,2021,0,0,2.778236612
169,2021,0,0,2.1811338698333333
170,2021,1,0,1.9546904846026205
171,2021,0,0,2.9265214433333333
172,2021,0,0,1.9435443891666666
173,2021,0,0,2.921858122666667
174,2021,6,0,1.1431846359975226
175,2021,6,0,1.6450628090259756
176,2021,2,0,2.626264412310333
177,2021,0,0,2.489983485166667
178,2021,0,0,0.7082825913333333
179,2021,0,0,0.8345427003333332
180,2021,0,0,1.1938648776666665
181,2021,5,0,2.0257913782436887
182,2021,2,0,2.7744058015387987
183,2021,0,0,3.1743150763333334
184,2021,2,0,3.270045828565252
185,2021,1,0,3.2386661066258746
186,2021,1,0,3.3270086510465497
187,2021,0,0,2.534749256166667
188,2021,4,0,1.2830725491226624
189,2021,0,0,2.9134895469999997
190,2021,4,0,3.0270217548062104
191,2021,3,0,2.993505988913508
192,2021,11,0,3.3862238775300084
193,2021,0,0,0.8250799733333333
194,2021,0,0,0.7076210206666667
195,2021,0,0,0.31398530750000003
196,2021,0,0,1.2262533810000003
197,2021,0,0,3.4328408495
198,2021,0,0,3.495263629666667
199,2021,0,0,2.785713429333333
200,2021,8,0,3.18628845526285
201,2021,0,0,3.6150625916666668
202,2021,0,0,3.4465846140000003
203,2021,5,0,3.0678446196049065
204,2021,1,0,3.3202665887456932
205,2021,0,0,2.5980520984999997
206,2021,0,0,1.7138299250000002
207,2021,0,0,3.721523932666667
208,2021,0,0,3.653103039
209,2021,0,0,2.757970778333333
210,2021,0,0,3.8626348093333336
211,2021,1,0,3.9407997703187583
212,2021,0,0,3.803072883833333
213,2021,0,0,3.7548004631666663
214,2021,0,0,4.026361632166666
215,2021,0,0,4.026353547333334
216,2021,0,0,4.124686307833334
217,2021,0,0,1.4014774133333332
218,2021,9,0,4.015779091759071
219,2021,3,0,3.6836404337728843
220,2021,13,0,0.6617248434018005
221,2021,14,0,0.836722826234268
222,2021,0,0,3.3320117136666667
223,2021,2,0,4.366058382887123
224,2021,3,0,4.141180150331641
225,2021,0,0,3.8641365320000003
226,2021,1,0,3.4839364146844796
227,2021,0,0,2.7842038003333336
228,2021,0,0,4.200195340666667
229,2021,0,0,4.066197270333333
230,2021,3,0,3.860798527274525
231,2021,0,0,1.9612770276666667
232,2021,5,0,4.432792019784443
233,2021,4,0,2.719546419758787
234,2021,0,0,4.5813257248333334
235,2021,2,0,3.8119223781277634
236,2021,0,0,4.431066088833333
237,2021,0,0,4.6667707903333335
238,2021,0,0,5.018884798
239,2021,5,0,4.867811662393513
240,2021,4,0,4.08432046734556
241,2021,2,0,5.019270487931484
242,2021,2,0,5.091059436953362
243,2021,0,0,4.1953454465
244,2021,7,0,1.7372571178023999
245,2021,0,0,0.6257862161666666
246,2021,0,0,3.4195582811666667
247,2021,4,0,3.061238580558609
248,2021,0,0,3.968849765166666
249,2021,0,0,2.2285513831666663
250,2021,1,0,0.7823903678411382
251,2021,0,0,1.1795411283333332
252,2021,1,0,2.0242380024882163
253,2021,0,0,1.3532956988333333
254,2021,2,0,4.306396253300588
255,2021,0,0,4.2442131645000005
256,2021,1,0,0.9111657736730253
257,2021,3,0,5.7969384709856975
258,2021,1,0,6.174889626939523
259,2021,4,0,6.1043360065199135
260,2021,0,0,6.2796330545
261,2021,0,0,6.117582003333333
262,2021,0,0,2.648085788166666
263,2021,0,0,1.5907426391666666
264,2021,1,0,6.0094074621650755
265,2021,5,0,2.3451337870010067
266,2021,0,0,5.786966437
267,2021,0,0,6.428977561
268,2021,6,0,6.1079421205798345
269,2021,0,0,6.295057793166667
270,2021,0,0,4.462376506833333
271,2021,6,0,1.845565934071429
272,2021,1,0,6.410260987522385
273,2021,0,0,2.059166519166667
274,2021,3,0,7.001143363293323
275,2021,0,0,3.2609445271666666
276,2021,0,0,7.238571786333334
277,2021,1,0,7.168975858930216
278,2021,9,0,7.225960661243718
279,2021,0,0,6.3490832164999995
280,2021,0,0,7.442662376666667
281,2021,0,0,4.850332396166667
282,2021,0,0,6.932212417833333
283,2021,2,0,4.029189497101693
284,2021,0,0,3.0314566405
285,2021,0,0,2.8925775686666664
286,2021,0,0,2.3086844159999997
287,2021,8,0,5.45515969409611
288,2021,1,0,7.447749977639657
289,2021,1,0,7.812757953533387
290,2021,0,0,7.536979537833333
291,2021,0,0,7.579381477166667
292,2021,2,0,7.9270306480020665
293,2021,1,0,7.447920393189296
294,2021,1,0,6.76743566362074
295,2021,1,0,5.872421197351954
296,2021,5,0,4.099266629776414
297,2021,0,0,8.068231866666666
298,2021,0,0,7.161255568333333
299,2021,3,0,7.861803767133867
300,2021,0,0,7.887912027166666
301,2021,0,0,7.572183941166666
302,2021,0,0,8.078219129333334
303,2021,2,0,7.635964287055946
304,2021,9,0,1.3445801419367966
305,2021,0,0,3.2213294561666665
306,2021,1,0,3.4992446939612654
307,2021,0,0,4.348993328833333
308,2021,0,0,5.9645738926666665
309,2021,17,0,2.8178894524845384
310,2021,0,0,6.512537522833333
311,2021,0,0,7.883946234499999
312,2021,13,0,8.29497456152838
313,2021,0,0,7.4897067525
314,2021,0,0,6.8516300775
315,2021,0,0,8.616148972166666
316,2021,0,0,8.583328480166665
317,2021,4,0,8.504739312445002
318,2021,5,0,7.437270616136274
319,2021,0,0,7.240917658166667
320,2021,0,0,6.0272163433333334
321,2021,5,1,9.306470527694895
322,2021,5,0,9.08635238997975
323,2021,2,0,8.659153452531495
324,2021,4,0,8.56630599605519
325,2021,5,0,8.579010542366616
326,2021,0,0,6.619439136166666
327,2021,2,0,9.14257446787751
328,2021,13,0,9.09864819158774
329,2021,0,0,1.7110141341666667
330,2021,0,0,8.880482407333332
331,2021,0,0,8.295584027666667
332,2021,12,0,1.9954522145484541
333,2021,0,0,4.941490825
334,2021,1,0,9.257321635652788
335,2021,0,0,5.3885590035
336,2021,0,0,9.058477523333332
337,2021,0,0,7.326723257833334
338,2021,0,0,6.164742895833333
339,2021,0,0,7.028842551333334
340,2021,0,0,8.174820487666667
341,2021,7,0,9.293624824939295
342,2021,1,0,9.100517456494911
343,2021,9,0,6.653950394568656
344,2021,0,0,5.941727792333333
345,2021,0,0,8.5733685615
346,2021,1,0,6.208037822962852
347,2021,0,0,6.403258411666666
348,2021,0,0,9.013588450666667
349,2021,8,0,6.361275990081409
350,2021,0,0,8.177690559
351,2021,0,0,9.1101472115
352,2021,1,0,9.256947035521131
353,2021,0,0,9.094721387333333
354,2021,2,0,8.562746165858549
355,2021,0,0,7.404133586666667
356,2021,1,0,9.251568480956506
357,2021,1,0,8.9516059007806
358,2021,1,0,8.093976565722645
359,2021,0,0,8.098305917833333
360,2021,14,0,9.150065195275403
361,2021,2,0,8.825095033259442
362,2021,5,0,8.360721966889125
363,2021,3,0,8.798223723436283
364,2021,1,0,7.666081958568801
365,2021,1,0,8.860259690623616
